"BehaviorSpace results (NetLogo 7.0.3)","Table version 2.0"
"project-Final.nlogox"
"experiment"
"01/26/2026 14:32:15:586 +0100"
"min-pxcor","max-pxcor","min-pycor","max-pycor"
"-40","40","-40","40"
"[run number]","initial-distribution","exposureChance","population","[step]","count turtles","violenceLevel","peopleLeavePlatform","hateSpeechSpread","mean [opinion] of turtles","mean [radicalization] of turtles","mean [trust-in-platform] of turtles"
"11","Moderate Majority","0","500","20000","500","99.4","0","1661055","0.49463881802773535","0.9947836927396361","1"
"1","Moderate Majority","0","500","20000","500","99.4","0","1638247","0.47929400451807996","0.9947042793011952","1"
"10","Moderate Majority","0","500","20000","500","99.2","0","1641630","0.5296177895236789","0.9933869376413748","1"
"15","Moderate Majority","0","500","20000","500","99","0","1641299","0.4688952562385801","0.991301688345143","1"
"7","Moderate Majority","0","500","20000","500","99.2","0","1638236","0.49994651455432976","0.9929628826172043","1"
"4","Moderate Majority","0","500","20000","500","99","0","1638642","0.5185111188641216","0.9910828500295739","1"
"5","Moderate Majority","0","500","20000","500","99.2","0","1637101","0.4938420234058515","0.993354073774055","1"
"13","Moderate Majority","0","500","20000","500","99.2","0","1638557","0.5040832823314072","0.9925463509453213","1"
"14","Moderate Majority","0","500","20000","500","98.8","0","1636735","0.48573053453507853","0.9891249457665703","1"
"6","Moderate Majority","0","500","20000","500","99.4","0","1648406","0.4534660470232424","0.9945202665055574","1"
"12","Moderate Majority","0","500","20000","500","99.4","0","1637506","0.49868296927825867","0.9947267204305936","1"
"16","Moderate Majority","0","500","20000","500","99.4","0","1639371","0.4992510632732823","0.9947401933419769","1"
"3","Moderate Majority","0","500","20000","500","99.2","0","1633675","0.5011550047722833","0.9932947959213876","1"
"9","Moderate Majority","0","500","20000","500","99.4","0","1635000","0.5092940889467044","0.9947151998775952","1"
"8","Moderate Majority","0","500","20000","500","99.4","0","1643792","0.5248006389868995","0.9945748460103789","1"
"2","Moderate Majority","0","500","20000","500","99.6","0","1640450","0.522099800354807","0.9963329993196222","1"
"17","Moderate Majority","0","500","20000","500","99.2","0","1644483","0.48698945893080176","0.9929539392442546","1"
"19","Moderate Majority","0","500","20000","500","99.2","0","1649858","0.4879054244376364","0.9928752928283217","1"
"18","Moderate Majority","0","500","20000","500","99.2","0","1638090","0.49209008897589496","0.9928380457062489","1"
"21","Moderate Majority","0","500","20000","500","99.6","0","1637159","0.491966372487299","0.9963655921107061","1"
"20","Moderate Majority","0","500","20000","500","99.2","0","1643240","0.4699556350724474","0.9930065412545751","1"
"22","Moderate Majority","0","500","20000","500","99.4","0","1640861","0.48537427296942215","0.9946414554385956","1"
"23","Moderate Majority","0","500","20000","500","99.2","0","1647317","0.5021349395550433","0.9926766067939403","1"
"25","Moderate Majority","0","500","20000","500","99.2","0","1641286","0.49814558800772035","0.9926927493519918","1"
"24","Moderate Majority","0","500","20000","500","99.4","0","1647370","0.5234522368907877","0.9947489978512303","1"
"26","Moderate Majority","0","500","20000","500","98.6","0","1633668","0.4631877541244351","0.9874044992150021","1"
"27","Moderate Majority","0","500","20000","500","99","0","1643227","0.4748446338433111","0.9911694660090613","1"
"28","Moderate Majority","0","500","20000","500","99.2","0","1634542","0.4845973678913281","0.992933367697605","1"
"29","Moderate Majority","0","500","20000","500","99","0","1633372","0.5247866269073304","0.991283047573884","1"
"31","Moderate Majority","0","500","20000","500","99","0","1631663","0.48937060388130627","0.991113832369657","1"
"30","Moderate Majority","0","500","20000","500","99.4","0","1635907","0.5213041053317783","0.9947385044880964","1"
"32","Moderate Majority","0","500","20000","500","99.4","0","1645379","0.5285882133439835","0.9947917714162753","1"
"35","Moderate Majority","0","500","20000","500","99.2","0","1637942","0.47588821694527256","0.9929570831306809","1"
"33","Moderate Majority","0","500","20000","500","99","0","1640377","0.46319719612880755","0.9912271637138307","1"
"34","Moderate Majority","0","500","20000","500","99.4","0","1640084","0.5047535756532319","0.9945588660666844","1"
"37","Moderate Majority","0","500","20000","500","98.8","0","1637358","0.509720817853526","0.9892425561370849","1"
"36","Moderate Majority","0","500","20000","500","99.2","0","1632768","0.481857289374149","0.9927412929614641","1"
"38","Moderate Majority","0","500","20000","500","99","0","1639733","0.48779713011360276","0.9928945885799304","1"
"39","Moderate Majority","0","500","20000","500","99.2","0","1636448","0.4921323110777673","0.9928331388356293","1"
"41","Moderate Majority","0","500","20000","500","99.4","0","1643071","0.4814930578382133","0.9946632974351001","1"
"40","Moderate Majority","0","500","20000","500","99","0","1636162","0.4746479717438067","0.9908985210736188","1"
"42","Moderate Majority","0","500","20000","500","99.6","0","1643289","0.5099371491302978","0.9962740718957006","1"
"43","Moderate Majority","0","500","20000","500","99.4","0","1650142","0.4873338240280504","0.9947689105968368","1"
"44","Moderate Majority","0","500","20000","500","99","0","1640256","0.49343184225924636","0.9907715193603496","1"
"45","Moderate Majority","0","500","20000","500","99.4","0","1650029","0.530510442050193","0.9945953208571475","1"
"47","Moderate Majority","0","500","20000","500","99","0","1638549","0.5134773477532504","0.991780593854466","1"
"46","Moderate Majority","0","500","20000","500","99.4","0","1644474","0.4464757213654885","0.9946609563321965","1"
"48","Moderate Majority","0","500","20000","500","99.2","0","1634894","0.49520884872332704","0.9928461509240241","1"
"49","Moderate Majority","0","500","20000","500","99","0","1639608","0.5264849699665924","0.9914674984775884","1"
"50","Moderate Majority","0","500","20000","500","99","0","1634492","0.5116181663208119","0.9914659048015192","1"
"53","Moderate Majority","0.2","500","20000","500","90.8","0","1708386","0.6311293829593134","0.9091106308506465","0.9916400000000003"
"51","Moderate Majority","0.2","500","20000","500","92.80000000000001","0","1847299","0.3145443921890207","0.9290001246653465","0.99487"
"52","Moderate Majority","0.2","500","20000","500","92.60000000000001","0","1833903","0.6738435497986679","0.9269279544281855","0.9932299999999998"
"54","Moderate Majority","0.2","500","20000","500","91.4","0","1798113","0.6606707347965174","0.9150044977507034","0.9948200000000001"
"56","Moderate Majority","0.2","500","20000","500","91.4","0","1780109","0.35091871719766454","0.9149560838578699","0.9954600000000001"
"55","Moderate Majority","0.2","500","20000","500","91.60000000000001","0","1783281","0.33926584792238373","0.9168136860740189","0.9923000000000003"
"58","Moderate Majority","0.2","500","20000","500","92.80000000000001","0","1816907","0.3279144896228389","0.9286976571412442","0.9940899999999999"
"59","Moderate Majority","0.2","500","20000","500","92.4","0","1798550","0.33733065180474825","0.9247504892718115","0.99333"
"57","Moderate Majority","0.2","500","20000","500","94","0","1966838","0.27372600299874733","0.9411985585993778","0.9967600000000002"
"62","Moderate Majority","0.2","500","20000","500","88.8","0","1617884","0.3922893371501122","0.8886103135180792","0.9900100000000001"
"65","Moderate Majority","0.2","500","20000","500","91.8","0","1768232","0.6547017438686186","0.9189088646974171","0.9941399999999999"
"61","Moderate Majority","0.2","500","20000","500","91.8","0","1743915","0.6533829988300506","0.9186687343681537","0.9949200000000002"
"60","Moderate Majority","0.2","500","20000","500","92.80000000000001","0","1836193","0.6770427380886559","0.9291226069232206","0.9959000000000003"
"64","Moderate Majority","0.2","500","20000","500","90.2","0","1681553","0.6226842711491335","0.9034659721115325","0.9929800000000001"
"63","Moderate Majority","0.2","500","20000","500","92","0","1818432","0.668989037576353","0.920822205841255","0.9958100000000002"
"66","Moderate Majority","0.2","500","20000","500","89.4","0","1651428","0.400726409276632","0.8952365974633385","0.9864800000000001"
"68","Moderate Majority","0.2","500","20000","500","90.8","0","1741977","0.6412979734082085","0.9091921947506258","0.9932300000000002"
"67","Moderate Majority","0.2","500","20000","500","90.8","0","1677070","0.6281710907002823","0.9096972277192157","0.9949699999999999"
"69","Moderate Majority","0.2","500","20000","500","90.60000000000001","0","1706146","0.37400455369439517","0.9067651302078235","0.9912700000000001"
"70","Moderate Majority","0.2","500","20000","500","91.2","0","1753005","0.3609397794620651","0.9131862409888376","0.9903700000000003"
"72","Moderate Majority","0.2","500","20000","500","90.4","0","1724350","0.36460146916112124","0.905991783971678","0.99458"
"74","Moderate Majority","0.2","500","20000","500","89.2","0","1647102","0.39391649830332476","0.8926905121273834","0.9898399999999999"
"71","Moderate Majority","0.2","500","20000","500","93.8","0","1884781","0.692864121793769","0.9385336160197064","0.9948500000000001"
"75","Moderate Majority","0.2","500","20000","500","92.2","0","1799309","0.3314801412236159","0.9233560716673633","0.9956299999999998"
"73","Moderate Majority","0.2","500","20000","500","94.19999999999999","0","2017571","0.254863219855327","0.9437043589446338","0.99897"
"77","Moderate Majority","0.2","500","20000","500","92.4","0","1814651","0.333375479675823","0.9249227340674768","0.99312"
"82","Moderate Majority","0.2","500","20000","500","90.4","0","1773201","0.34942380896555364","0.9047321993261255","0.9950900000000003"
"78","Moderate Majority","0.2","500","20000","500","91.2","0","1730289","0.6428838300759525","0.9130995240027099","0.99294"
"76","Moderate Majority","0.2","500","20000","500","92.2","0","1744242","0.653248767149574","0.9223787306158284","0.9966600000000001"
"79","Moderate Majority","0.2","500","20000","500","91.2","0","1708775","0.6272289751137625","0.9129724300606675","0.9881"
"80","Moderate Majority","0.2","500","20000","500","91","0","1691598","0.62802930482848","0.9110904954054415","0.9915600000000001"
"81","Moderate Majority","0.2","500","20000","500","91.2","0","1739072","0.3522804428529024","0.913071534283989","0.9955800000000002"
"83","Moderate Majority","0.2","500","20000","500","91.60000000000001","0","1756850","0.6469296438088181","0.9168659991675381","0.9914700000000001"
"84","Moderate Majority","0.2","500","20000","500","92.60000000000001","0","1796456","0.33383600943013797","0.9270910641308889","0.9960800000000002"
"86","Moderate Majority","0.2","500","20000","500","92","0","1811378","0.3336736677790699","0.9207770338670626","0.9943200000000001"
"85","Moderate Majority","0.2","500","20000","500","93.8","0","1872855","0.31039465919392384","0.9386736421111942","0.99501"
"87","Moderate Majority","0.2","500","20000","500","93.2","0","1854508","0.6817103230491969","0.9324791333826916","0.9924299999999999"
"88","Moderate Majority","0.2","500","20000","500","92.2","0","1784612","0.6577233089870648","0.9228586673948812","0.9926799999999998"
"89","Moderate Majority","0.2","500","20000","500","92.60000000000001","0","1802467","0.3299615741678781","0.9268601596386781","0.99305"
"91","Moderate Majority","0.2","500","20000","500","91.8","0","1763985","0.3497457810447265","0.9188341791494088","0.99251"
"90","Moderate Majority","0.2","500","20000","500","94","0","1915771","0.7043120510859954","0.9405996694889577","0.9978600000000001"
"92","Moderate Majority","0.2","500","20000","500","92.2","0","1779949","0.661446759892608","0.9229531436930344","0.9946600000000001"
"93","Moderate Majority","0.2","500","20000","500","88.6","0","1657118","0.6125333559725764","0.8885428402799098","0.9901200000000001"
"94","Moderate Majority","0.2","500","20000","500","91.2","0","1745625","0.36500643939866795","0.9129179652766766","0.9897500000000002"
"97","Moderate Majority","0.2","500","20000","500","90.2","0","1696109","0.3748238020639895","0.9029054474516008","0.9907"
"95","Moderate Majority","0.2","500","20000","500","92.4","0","1815836","0.32797772713488044","0.9256400450476415","0.9945300000000001"
"96","Moderate Majority","0.2","500","20000","500","93.60000000000001","0","1893199","0.6967880905635565","0.9368452779108933","0.9959400000000002"
"98","Moderate Majority","0.2","500","20000","500","93.8","0","1947381","0.27947862406357","0.9392919924447368","0.99725"
"99","Moderate Majority","0.2","500","20000","500","91.60000000000001","0","1773794","0.3441622690974089","0.9172387578369076","0.9939600000000003"
"100","Moderate Majority","0.2","500","20000","500","93.60000000000001","0","1887052","0.3016287312775129","0.9365992116108454","0.99685"
"101","Moderate Majority","0.4","500","20000","500","88","0","1933647","0.7043438439443295","0.8812911911337982","0.9751600000000002"
"102","Moderate Majority","0.4","500","20000","500","87.6","0","1904597","0.3039621871647618","0.8774571947201888","0.9756600000000002"
"103","Moderate Majority","0.4","500","20000","500","88.8","0","1962060","0.7119928901768812","0.8889775539898106","0.9701199999999999"
"104","Moderate Majority","0.4","500","20000","500","84.8","0","1760903","0.6590502425591531","0.8497158478250024","0.9595600000000002"
"105","Moderate Majority","0.4","500","20000","500","86.2","0","1851338","0.6842869428020679","0.8636735629428752","0.9749299999999999"
"108","Moderate Majority","0.4","500","20000","500","87.8","0","1907122","0.6999313907248293","0.8797618436264213","0.9692099999999999"
"107","Moderate Majority","0.4","500","20000","500","88.6","0","1968379","0.2857821444753703","0.8868586173647807","0.9788000000000001"
"106","Moderate Majority","0.4","500","20000","500","92.2","0","2196545","0.21651216934443482","0.9226188373459109","0.9907999999999996"
"109","Moderate Majority","0.4","500","20000","500","88.8","0","1943890","0.7055970633540067","0.8893910380970029","0.9669900000000001"
"110","Moderate Majority","0.4","500","20000","500","85.8","0","1798119","0.33466660210104743","0.859327617119061","0.9553500000000004"
"112","Moderate Majority","0.4","500","20000","500","86","0","1796960","0.6781288787551338","0.8609976754144678","0.9717200000000001"
"111","Moderate Majority","0.4","500","20000","500","88.4","0","1971774","0.7141037298225168","0.8851738177846578","0.9760200000000001"
"113","Moderate Majority","0.4","500","20000","500","89","0","2007000","0.7310017186694087","0.8911216618123382","0.9813999999999997"
"114","Moderate Majority","0.4","500","20000","500","86.4","0","1848014","0.6819685428320719","0.8649321681837311","0.9688"
"115","Moderate Majority","0.4","500","20000","500","89.4","0","1992815","0.7267210529412106","0.8957352283181741","0.9837199999999997"
"116","Moderate Majority","0.4","500","20000","500","87.8","0","1919074","0.7025706580323616","0.8790337357486329","0.9721399999999998"
"117","Moderate Majority","0.4","500","20000","500","87.6","0","1900419","0.30417003412214383","0.877180216838231","0.9761299999999997"
"122","Moderate Majority","0.4","500","20000","499","87.97595190380761","1","1905590","0.7012156038419657","0.88076502538898","0.9671042084168335"
"118","Moderate Majority","0.4","500","20000","500","89.60000000000001","0","2013385","0.27223629455561843","0.8970346412338996","0.9781800000000005"
"119","Moderate Majority","0.4","500","20000","500","86.8","0","1861524","0.3075561972135906","0.8693034304729987","0.9692400000000001"
"121","Moderate Majority","0.4","500","20000","500","87.6","0","1883662","0.30437783266955026","0.8769339811842662","0.9727099999999999"
"120","Moderate Majority","0.4","500","20000","500","89.8","0","2033125","0.2636218106769788","0.8987207557865615","0.9846999999999999"
"123","Moderate Majority","0.4","500","20000","500","89","0","1943344","0.287299327447621","0.8909271498786178","0.9717400000000003"
"124","Moderate Majority","0.4","500","20000","500","87","0","1863893","0.6918877977307363","0.8713555533023026","0.9806799999999998"
"125","Moderate Majority","0.4","500","20000","500","88.2","0","1961497","0.7151419958789974","0.883169643382698","0.9797300000000001"
"126","Moderate Majority","0.4","500","20000","500","89.2","0","1962025","0.28263269971423083","0.8927584573292697","0.9776599999999999"
"127","Moderate Majority","0.4","500","20000","500","88","0","1883786","0.3060006272493748","0.8811307271298525","0.97178"
"129","Moderate Majority","0.4","500","20000","500","86.6","0","1772742","0.6730146450632615","0.8669466232253747","0.9694399999999997"
"128","Moderate Majority","0.4","500","20000","500","89","0","1995659","0.2753689767494061","0.8911378924058535","0.9843400000000002"
"131","Moderate Majority","0.4","500","20000","500","89.4","0","1974611","0.2769535968943549","0.8951133942336883","0.9826000000000003"
"130","Moderate Majority","0.4","500","20000","500","88.8","0","1980338","0.2800634172110459","0.8892927601992124","0.9803399999999999"
"132","Moderate Majority","0.4","500","20000","500","87.6","0","1914819","0.7098403770388624","0.8776476443614654","0.9802699999999999"
"134","Moderate Majority","0.4","500","20000","500","87","0","1883103","0.6886237376636078","0.8712411940258277","0.9773200000000002"
"136","Moderate Majority","0.4","500","20000","500","85.6","0","1811734","0.3267304468398635","0.8575592260228253","0.9696000000000004"
"133","Moderate Majority","0.4","500","20000","500","88.2","0","1961626","0.7117604851309541","0.8833679294683974","0.9689099999999999"
"137","Moderate Majority","0.4","500","20000","500","88","0","1885516","0.3087256705754009","0.8809585916456053","0.9612999999999999"
"135","Moderate Majority","0.4","500","20000","500","89.8","0","2045584","0.2606123357334576","0.8986495148924797","0.9876399999999997"
"138","Moderate Majority","0.4","500","20000","500","90","0","2074118","0.2517465710649444","0.9012933487454036","0.9865499999999999"
"139","Moderate Majority","0.4","500","20000","500","85.6","0","1735931","0.6603394089608234","0.8572669723041084","0.9614899999999997"
"141","Moderate Majority","0.4","500","20000","500","85","0","1793431","0.6667463052650444","0.8517357737611276","0.9561200000000003"
"140","Moderate Majority","0.4","500","20000","500","91.4","0","2110996","0.7683281136097807","0.9150350723358558","0.9922800000000003"
"142","Moderate Majority","0.4","500","20000","500","88.6","0","1937965","0.7134902013966246","0.8871789797843593","0.9762299999999998"
"146","Moderate Majority","0.4","500","20000","500","87.8","0","1921356","0.7036845377117835","0.8794873518924171","0.9796000000000001"
"143","Moderate Majority","0.4","500","20000","500","87.2","0","1907880","0.7050449969324168","0.8735520286197739","0.9792000000000002"
"148","Moderate Majority","0.4","500","20000","500","86","0","1801081","0.3235927158220051","0.8619304774168027","0.96907"
"149","Moderate Majority","0.4","500","20000","500","89","0","1992765","0.723045715408385","0.8912503844334242","0.9858"
"144","Moderate Majority","0.4","500","20000","500","87.6","0","1893513","0.7003086468516481","0.8770407706778501","0.9763999999999999"
"145","Moderate Majority","0.4","500","20000","500","89.4","0","1981357","0.7188961588248856","0.895122944563691","0.9753299999999999"
"147","Moderate Majority","0.4","500","20000","500","88.2","0","1956080","0.7159322203938906","0.8835853334873232","0.98307"
"150","Moderate Majority","0.4","500","20000","500","89.4","0","2017715","0.2644020940770319","0.8953258232206762","0.9846600000000001"
"152","Moderate Majority","0.6","500","20000","490","83.06122448979592","10","1875929","0.6990811650171923","0.8324899860692347","0.9054081632653064"
"151","Moderate Majority","0.6","500","20000","497","86.72032193158954","3","2066651","0.7466009777821093","0.8690494843292929","0.9343460764587522"
"153","Moderate Majority","0.6","500","20000","496","87.09677419354838","4","2120963","0.2430122160081382","0.8725820734347763","0.9396169354838709"
"154","Moderate Majority","0.6","500","20000","496","80.84677419354838","4","1828987","0.31187968336732325","0.8098009216533161","0.9060786290322583"
"155","Moderate Majority","0.6","500","20000","497","85.71428571428571","3","2040438","0.2623439861501518","0.8583427233419098","0.9221126760563374"
"156","Moderate Majority","0.6","500","20000","498","83.53413654618474","2","1967642","0.7234459232919777","0.8372470640098034","0.9389056224899596"
"157","Moderate Majority","0.6","500","20000","488","82.37704918032787","12","1801477","0.6838768026204993","0.8253819823589287","0.9022848360655739"
"159","Moderate Majority","0.6","500","20000","457","70.67833698030634","43","1314892","0.5893947156781877","0.7094114512942323","0.813336980306345"
"162","Moderate Majority","0.6","500","20000","497","84.10462776659959","3","1959491","0.2832085053052935","0.8430865625640178","0.9234406438631789"
"158","Moderate Majority","0.6","500","20000","496","85.48387096774194","4","2006826","0.269878658349537","0.855925119255872","0.930554435483871"
"160","Moderate Majority","0.6","500","20000","490","83.87755102040816","10","1903596","0.29583013737696984","0.8401397647361369","0.9023061224489793"
"161","Moderate Majority","0.6","500","20000","500","86.2","0","2108557","0.24211540076723548","0.8632510859511658","0.9555399999999996"
"163","Moderate Majority","0.6","500","20000","498","84.93975903614458","2","2011220","0.7348428967061268","0.8506198568715343","0.9348192771084335"
"164","Moderate Majority","0.6","500","20000","496","78.62903225806451","4","1672412","0.6660590069559674","0.7885325448237476","0.9068346774193543"
"166","Moderate Majority","0.6","500","20000","493","81.7444219066937","7","1832063","0.31270743319355515","0.818636936564302","0.9040770791075049"
"165","Moderate Majority","0.6","500","20000","478","82.42677824267783","22","1771045","0.3216092168003936","0.8260866415709074","0.8936506276150626"
"167","Moderate Majority","0.6","500","20000","482","82.78008298755186","18","1798447","0.3162832133480214","0.8289259825768277","0.9021058091286303"
"168","Moderate Majority","0.6","500","20000","500","83.2","0","1950886","0.2804737228630892","0.8335733643546938","0.9421899999999999"
"169","Moderate Majority","0.6","500","20000","496","78.83064516129032","4","1732717","0.33399104293447507","0.7904552805655163","0.8936995967741935"
"170","Moderate Majority","0.6","500","20000","482","84.43983402489627","18","1855792","0.30189190828999785","0.8454509937014298","0.9018153526970956"
"171","Moderate Majority","0.6","500","20000","494","81.17408906882592","6","1828646","0.3140978731867814","0.8136946763717118","0.9044433198380567"
"172","Moderate Majority","0.6","500","20000","485","86.80412371134021","15","1977945","0.27246679776529764","0.8689525357815573","0.928113402061856"
"173","Moderate Majority","0.6","500","20000","491","85.74338085539715","9","1971255","0.2750373211126803","0.8584430524784065","0.9238391038696535"
"174","Moderate Majority","0.6","500","20000","479","84.96868475991648","21","1878242","0.6997369855594966","0.851137523643548","0.9096450939457204"
"175","Moderate Majority","0.6","500","20000","492","86.78861788617887","8","2025469","0.26071682831366255","0.8693238895397312","0.9313109756097557"
"178","Moderate Majority","0.6","500","20000","485","82.06185567010309","15","1783613","0.6756702087365443","0.8218122652695716","0.8907216494845365"
"176","Moderate Majority","0.6","500","20000","488","85.45081967213115","12","1940403","0.285262718865753","0.8557709052185293","0.9073668032786887"
"181","Moderate Majority","0.6","500","20000","476","75.42016806722688","24","1530335","0.6217368508247035","0.7564701325649498","0.8607037815126052"
"177","Moderate Majority","0.6","500","20000","499","84.76953907815631","1","1984523","0.7284041765772638","0.8489776471736847","0.9271643286573139"
"179","Moderate Majority","0.6","500","20000","482","83.40248962655602","18","1802205","0.310904308390468","0.8353146264481408","0.8990145228215765"
"180","Moderate Majority","0.6","500","20000","494","78.13765182186235","6","1653747","0.3337534241172383","0.7844745159681434","0.9067712550607288"
"182","Moderate Majority","0.6","500","20000","496","82.25806451612904","4","1866557","0.6959716550953138","0.8236369380180483","0.9112298387096776"
"183","Moderate Majority","0.6","500","20000","499","86.17234468937876","1","2060872","0.7428265066432338","0.8628618785332488","0.9382865731462928"
"184","Moderate Majority","0.6","500","20000","496","80.64516129032258","4","1817343","0.6877185433942001","0.8084969477524144","0.9198185483870963"
"185","Moderate Majority","0.6","500","20000","495","83.63636363636363","5","1915378","0.2891197678158148","0.8376379328346935","0.9210909090909092"
"187","Moderate Majority","0.6","500","20000","453","79.24944812362031","47","1513872","0.37591710195345696","0.7938336159303166","0.8716666666666665"
"186","Moderate Majority","0.6","500","20000","491","82.07739307535643","9","1837346","0.6913524096470064","0.822146995144893","0.9012932790224035"
"188","Moderate Majority","0.6","500","20000","466","83.69098712446352","34","1704936","0.3330795734873346","0.8378671463523802","0.893487124463519"
"189","Moderate Majority","0.6","500","20000","483","82.6086956521739","17","1789504","0.6808460683507827","0.8271324259925514","0.9062732919254661"
"190","Moderate Majority","0.6","500","20000","490","82.0408163265306","10","1806976","0.3160320803384392","0.8216697306388618","0.9032040816326531"
"191","Moderate Majority","0.6","500","20000","496","83.66935483870968","4","1957185","0.2833299739243011","0.8385639731198544","0.9227217741935486"
"201","Moderate Majority","0.8","500","20000","242","100","258","859407","0.5289256198347108","1","1"
"192","Moderate Majority","0.6","500","20000","476","84.87394957983193","24","1864841","0.6969077467433858","0.8502508413867074","0.9111554621848744"
"193","Moderate Majority","0.6","500","20000","495","82.82828282828282","5","1917430","0.2965489721575948","0.8297845807895035","0.907909090909091"
"194","Moderate Majority","0.6","500","20000","480","82.70833333333333","20","1739983","0.6733884425170114","0.8281750576485264","0.8993437499999998"
"195","Moderate Majority","0.6","500","20000","497","84.90945674044266","3","1982339","0.2711242100957966","0.8505312537626963","0.9393762575452714"
"196","Moderate Majority","0.6","500","20000","493","83.56997971602435","7","1907387","0.7062867945579507","0.8371279941557965","0.9130425963488844"
"197","Moderate Majority","0.6","500","20000","498","81.92771084337349","2","1904901","0.7003761501950357","0.8205863024676825","0.9238554216867467"
"200","Moderate Majority","0.6","500","20000","492","78.04878048780488","8","1686130","0.34622144967080465","0.7830989825778343","0.874319105691057"
"199","Moderate Majority","0.6","500","20000","489","80.57259713701431","11","1748565","0.3315778967504208","0.8072114680471988","0.8963292433537831"
"198","Moderate Majority","0.6","500","20000","480","83.125","20","1787294","0.6824677901051948","0.8324341351899679","0.9052604166666668"
"203","Moderate Majority","0.8","500","20000","343","97.667638483965","157","1458585","0.6882207205636047","0.9767483294851689","0.9792857142857144"
"202","Moderate Majority","0.8","500","20000","369","97.5609756097561","131","1653899","0.7199125845327654","0.9756858442417906","0.9787127371273711"
"204","Moderate Majority","0.8","500","20000","383","96.8668407310705","117","1740319","0.2658106537796607","0.9687634219888341","0.9736292428198431"
"209","Moderate Majority","0.8","500","20000","243","100","257","872007","0.4609053497942387","1","1"
"205","Moderate Majority","0.8","500","20000","329","98.48024316109422","171","1383449","0.67066347262842","0.9848577406885155","0.985775075987842"
"211","Moderate Majority","0.8","500","20000","242","100","258","864427","0.5330578512396694","1","1"
"207","Moderate Majority","0.8","500","20000","387","89.40568475452196","113","1560960","0.6883104169579162","0.8945178211750171","0.9167054263565894"
"215","Moderate Majority","0.8","500","20000","257","100","243","893771","0.5252918287937743","1","1"
"206","Moderate Majority","0.8","500","20000","389","96.65809768637533","111","1760275","0.2630918476840769","0.9666759872405586","0.9719537275064267"
"208","Moderate Majority","0.8","500","20000","385","96.1038961038961","115","1725100","0.7290107814220615","0.9611496210847289","0.9644025974025975"
"218","Moderate Majority","0.8","500","20000","242","100","258","886543","0.45041322314049587","1","1"
"222","Moderate Majority","0.8","500","20000","255","100","245","907965","0.45098039215686275","1","1"
"210","Moderate Majority","0.8","500","20000","349","98.8538681948424","151","1544931","0.2977536610779676","0.9885840432421794","0.9905587392550143"
"212","Moderate Majority","0.8","500","20000","335","99.70149253731343","165","1425188","0.6881383445811089","0.9970232129185437","0.9972388059701492"
"213","Moderate Majority","0.8","500","20000","356","99.71910112359551","144","1616050","0.28503723416201376","0.9971990480413374","0.9972050561797753"
"217","Moderate Majority","0.8","500","20000","347","98.27089337175792","153","1485877","0.6951236520680836","0.9827939876912123","0.9840922190201729"
"220","Moderate Majority","0.8","500","20000","336","99.70238095238095","164","1455946","0.3109334103691238","0.9970320904046837","0.9971577380952381"
"216","Moderate Majority","0.8","500","20000","398","97.23618090452261","102","1884122","0.7606454972123696","0.972459482288724","0.9766206030150754"
"219","Moderate Majority","0.8","500","20000","350","98","150","1494205","0.3039670149047112","0.9800639849982717","0.9813428571428571"
"221","Moderate Majority","0.8","500","20000","291","97.9381443298969","209","1169843","0.3710865912387518","0.9794343131136038","0.9815292096219931"
"225","Moderate Majority","0.8","500","20000","261","100","239","971862","0.42528735632183906","1","1"
"226","Moderate Majority","0.8","500","20000","267","100","233","983139","0.5767790262172284","1","1"
"214","Moderate Majority","0.8","500","20000","400","93.5","100","1750461","0.7283894138916115","0.935201267337556","0.9448374999999998"
"224","Moderate Majority","0.8","500","20000","331","99.69788519637463","169","1438189","0.3186516742325888","0.9969872081042113","0.997190332326284"
"223","Moderate Majority","0.8","500","20000","368","98.36956521739131","132","1610806","0.717761941228493","0.9837602588434148","0.9853260869565217"
"230","Moderate Majority","0.8","500","20000","246","100","254","849979","0.4878048780487805","1","1"
"227","Moderate Majority","0.8","500","20000","316","99.0506329113924","184","1341217","0.3369203735635517","0.9905392626307782","0.9912816455696203"
"233","Moderate Majority","0.8","500","20000","251","100","249","919019","0.44621513944223107","1","1"
"238","Moderate Majority","0.8","500","20000","229","100","271","809433","0.4847161572052402","1","1"
"232","Moderate Majority","0.8","500","20000","265","100","235","1052170","0.4","1","1"
"228","Moderate Majority","0.8","500","20000","377","97.34748010610079","123","1692120","0.272721294266761","0.9735886223819484","0.9770291777188328"
"240","Moderate Majority","0.8","500","20000","241","100","259","880661","0.5394190871369294","1","1"
"229","Moderate Majority","0.8","500","20000","321","96.57320872274143","179","1347603","0.661784032329056","0.965823810920858","0.971183800623053"
"239","Moderate Majority","0.8","500","20000","278","99.64028776978418","222","1094793","0.620408941896413","0.9964128407861502","0.9965287769784171"
"242","Moderate Majority","0.8","500","20000","259","100","241","923513","0.5482625482625483","1","1"
"236","Moderate Majority","0.8","500","20000","306","100","194","1264098","0.6535947712418301","1","1"
"231","Moderate Majority","0.8","500","20000","393","96.94656488549617","107","1809398","0.7463593747431313","0.9696085256703587","0.9734351145038167"
"234","Moderate Majority","0.8","500","20000","384","98.4375","116","1790604","0.25235005329258137","0.9844446995079431","0.9858463541666665"
"235","Moderate Majority","0.8","500","20000","381","96.8503937007874","119","1730936","0.733123724952639","0.9686254819678592","0.97255905511811"
"237","Moderate Majority","0.8","500","20000","410","94.14634146341463","90","1825627","0.7420690036036031","0.9416290418076023","0.9519878048780489"
"246","Moderate Majority","0.8","500","20000","240","100","260","843511","0.475","1","1"
"241","Moderate Majority","0.8","500","20000","388","97.42268041237114","112","1774885","0.7424894793245714","0.9743139220892801","0.9777061855670105"
"245","Moderate Majority","0.8","500","20000","256","100","244","944879","0.55859375","1","1"
"243","Moderate Majority","0.8","500","20000","315","99.04761904761905","185","1333369","0.3409118218534167","0.9905383828683341","0.9917777777777776"
"252","Moderate Majority","1","500","20000","217","100","283","715332","0.5023041474654378","1","1"
"249","Moderate Majority","0.8","500","20000","239","100","261","826550","0.49372384937238495","1","1"
"253","Moderate Majority","1","500","20000","224","100","276","764517","0.4419642857142857","1","1"
"250","Moderate Majority","0.8","500","20000","247","100","253","920512","0.5587044534412956","1","1"
"251","Moderate Majority","1","500","20000","251","100","249","937365","0.3784860557768924","1","1"
"255","Moderate Majority","1","500","20000","229","100","271","772885","0.45414847161572053","1","1"
"244","Moderate Majority","0.8","500","20000","387","96.64082687338501","113","1771429","0.2614588182921585","0.9665419761769607","0.9699354005167957"
"254","Moderate Majority","1","500","20000","239","100","261","836229","0.5648535564853556","1","1"
"256","Moderate Majority","1","500","20000","222","100","278","743715","0.4864864864864865","1","1"
"259","Moderate Majority","1","500","20000","223","100","277","739116","0.5246636771300448","1","1"
"257","Moderate Majority","1","500","20000","212","100","288","710751","0.4669811320754717","1","1"
"258","Moderate Majority","1","500","20000","218","100","282","742100","0.5596330275229358","1","1"
"260","Moderate Majority","1","500","20000","221","100","279","728132","0.497737556561086","1","1"
"262","Moderate Majority","1","500","20000","225","100","275","753037","0.4711111111111111","1","1"
"263","Moderate Majority","1","500","20000","238","100","262","807351","0.4831932773109244","1","1"
"261","Moderate Majority","1","500","20000","223","100","277","755646","0.547085201793722","1","1"
"248","Moderate Majority","0.8","500","20000","371","95.14824797843666","129","1569907","0.292441608370905","0.9517099721885718","0.9611185983827492"
"247","Moderate Majority","0.8","500","20000","390","93.07692307692308","110","1711557","0.28216856866531254","0.9309761120918207","0.9419871794871798"
"264","Moderate Majority","1","500","20000","223","100","277","760316","0.5515695067264574","1","1"
"265","Moderate Majority","1","500","20000","215","100","285","714337","0.48372093023255813","1","1"
"266","Moderate Majority","1","500","20000","218","100","282","732834","0.463302752293578","1","1"
"267","Moderate Majority","1","500","20000","231","100","269","797172","0.5627705627705628","1","1"
"268","Moderate Majority","1","500","20000","228","100","272","776665","0.4517543859649123","1","1"
"271","Moderate Majority","1","500","20000","241","100","259","817227","0.5145228215767634","1","1"
"270","Moderate Majority","1","500","20000","228","100","272","783468","0.44298245614035087","1","1"
"269","Moderate Majority","1","500","20000","229","100","271","782338","0.5458515283842795","1","1"
"273","Moderate Majority","1","500","20000","235","100","265","800696","0.5404255319148936","1","1"
"272","Moderate Majority","1","500","20000","238","100","262","833284","0.42436974789915966","1","1"
"275","Moderate Majority","1","500","20000","210","100","290","698960","0.5238095238095238","1","1"
"274","Moderate Majority","1","500","20000","228","100","272","777922","0.5482456140350878","1","1"
"276","Moderate Majority","1","500","20000","220","100","280","738614","0.5318181818181819","1","1"
"277","Moderate Majority","1","500","20000","240","100","260","836903","0.5666666666666667","1","1"
"278","Moderate Majority","1","500","20000","234","100","266","811643","0.5769230769230769","1","1"
"282","Moderate Majority","1","500","20000","242","100","258","823464","0.47107438016528924","1","1"
"280","Moderate Majority","1","500","20000","206","100","294","682845","0.46116504854368934","1","1"
"279","Moderate Majority","1","500","20000","224","100","276","757435","0.5446428571428571","1","1"
"285","Moderate Majority","1","500","20000","237","100","263","808453","0.46835443037974683","1","1"
"283","Moderate Majority","1","500","20000","213","100","287","701973","0.49295774647887325","1","1"
"284","Moderate Majority","1","500","20000","218","100","282","730651","0.4541284403669725","1","1"
"281","Moderate Majority","1","500","20000","249","100","251","936918","0.6265060240963856","1","1"
"287","Moderate Majority","1","500","20000","234","100","266","792806","0.5427350427350427","1","1"
"286","Moderate Majority","1","500","20000","217","100","283","736892","0.5622119815668203","1","1"
"288","Moderate Majority","1","500","20000","220","100","280","739625","0.4772727272727273","1","1"
"289","Moderate Majority","1","500","20000","231","100","269","782237","0.5497835497835498","1","1"
"290","Moderate Majority","1","500","20000","218","100","282","731778","0.5412844036697247","1","1"
"291","Moderate Majority","1","500","20000","216","100","284","719337","0.49074074074074076","1","1"
"293","Moderate Majority","1","500","20000","217","100","283","717248","0.5069124423963134","1","1"
"295","Moderate Majority","1","500","20000","211","100","289","695702","0.5308056872037915","1","1"
"296","Moderate Majority","1","500","20000","230","100","270","781982","0.5304347826086957","1","1"
"294","Moderate Majority","1","500","20000","234","100","266","815338","0.5683760683760684","1","1"
"292","Moderate Majority","1","500","20000","215","100","285","719586","0.5395348837209303","1","1"
"298","Moderate Majority","1","500","20000","239","100","261","824447","0.5564853556485355","1","1"
"297","Moderate Majority","1","500","20000","228","100","272","766239","0.47368421052631576","1","1"
"300","Moderate Majority","1","500","20000","234","100","266","808306","0.44871794871794873","1","1"
"301","Polarized Majority","0","500","20000","500","99.4","0","1637613","0.5274054131609934","0.9948380883219818","1"
"303","Polarized Majority","0","500","20000","500","99","0","1641849","0.5067234912557651","0.9911034756835895","1"
"304","Polarized Majority","0","500","20000","500","98.8","0","1632701","0.49283041823301244","0.9894336172038026","1"
"302","Polarized Majority","0","500","20000","500","99","0","1638122","0.5006280058076494","0.9910824121002324","1"
"305","Polarized Majority","0","500","20000","500","99.2","0","1645975","0.5014144760571712","0.9929669907660487","1"
"299","Moderate Majority","1","500","20000","328","100","172","1456432","0.2530487804878049","1","1"
"306","Polarized Majority","0","500","20000","500","99.2","0","1654997","0.466563555039301","0.9928000772377579","1"
"309","Polarized Majority","0","500","20000","500","99.2","0","1644565","0.5059657386789622","0.992861309348982","1"
"313","Polarized Majority","0","500","20000","500","99.2","0","1644513","0.5287451505155977","0.9926365016322708","1"
"307","Polarized Majority","0","500","20000","500","99.2","0","1645635","0.5141077539997395","0.9927703148181303","1"
"310","Polarized Majority","0","500","20000","500","99","0","1643068","0.49406045018339895","0.9911370164152421","1"
"311","Polarized Majority","0","500","20000","500","98.8","0","1644481","0.5019154318644915","0.9891557640263059","1"
"308","Polarized Majority","0","500","20000","500","99.2","0","1644218","0.5212642680305828","0.9930149842867586","1"
"312","Polarized Majority","0","500","20000","500","99","0","1640949","0.49122486838847634","0.9911334421593243","1"
"314","Polarized Majority","0","500","20000","500","98.8","0","1647169","0.4818781306864952","0.9891857430964935","1"
"315","Polarized Majority","0","500","20000","500","99.4","0","1649048","0.5186687747265931","0.9944469145993762","1"
"316","Polarized Majority","0","500","20000","500","99.2","0","1642018","0.5041710479532291","0.9926448982398319","1"
"317","Polarized Majority","0","500","20000","500","99.4","0","1650561","0.5105829955369784","0.9945300887681819","1"
"318","Polarized Majority","0","500","20000","500","99.2","0","1654601","0.46126121584093505","0.9927035908445734","1"
"320","Polarized Majority","0","500","20000","500","99.4","0","1648934","0.47742496253362376","0.9945746042460394","1"
"319","Polarized Majority","0","500","20000","500","99.4","0","1637033","0.500732084172173","0.9946141982828691","1"
"321","Polarized Majority","0","500","20000","500","98.8","0","1649175","0.48269461686365617","0.9895085911548379","1"
"324","Polarized Majority","0","500","20000","500","99.4","0","1647966","0.497480143974774","0.9947101065946397","1"
"322","Polarized Majority","0","500","20000","500","99.2","0","1655023","0.4638912587109528","0.992923989745974","1"
"323","Polarized Majority","0","500","20000","500","99.6","0","1651239","0.4798507824168471","0.9962069805605652","1"
"326","Polarized Majority","0","500","20000","500","98.8","0","1655474","0.5299063642958821","0.9892610993365197","1"
"325","Polarized Majority","0","500","20000","500","99.2","0","1642006","0.49466682707445897","0.9929967423767752","1"
"327","Polarized Majority","0","500","20000","500","99.2","0","1637754","0.5018421843998652","0.9929191801174798","1"
"328","Polarized Majority","0","500","20000","500","99.4","0","1645859","0.5151899899485464","0.9946244058826575","1"
"330","Polarized Majority","0","500","20000","500","99","0","1653103","0.5293698410525989","0.9911522520654742","1"
"329","Polarized Majority","0","500","20000","500","99.2","0","1640881","0.5019039317426792","0.9927163757095496","1"
"331","Polarized Majority","0","500","20000","500","99.4","0","1654503","0.4544193861778837","0.9947313472519075","1"
"332","Polarized Majority","0","500","20000","500","98.6","0","1638673","0.4833121089918837","0.9877847151061021","1"
"333","Polarized Majority","0","500","20000","500","99.4","0","1643086","0.5114282134285131","0.9947593640781442","1"
"334","Polarized Majority","0","500","20000","500","98.8","0","1637238","0.5048159116190076","0.9891377377975553","1"
"335","Polarized Majority","0","500","20000","500","98.4","0","1631588","0.5060729949424139","0.985674266264387","1"
"338","Polarized Majority","0","500","20000","500","99.4","0","1648412","0.5146191627288916","0.9946117324770103","1"
"337","Polarized Majority","0","500","20000","500","99","0","1647382","0.47716058622187496","0.991091785125488","1"
"336","Polarized Majority","0","500","20000","500","99.4","0","1644495","0.4906932806084454","0.9944808385809151","1"
"339","Polarized Majority","0","500","20000","500","99.2","0","1643730","0.5000779430449102","0.9927361244584662","1"
"340","Polarized Majority","0","500","20000","500","99.6","0","1651375","0.4839818903849647","0.9966086757116601","1"
"341","Polarized Majority","0","500","20000","500","99.2","0","1646559","0.4990960533060235","0.9936473142475951","1"
"343","Polarized Majority","0","500","20000","500","99.2","0","1650836","0.4830432500090174","0.993482469050795","1"
"342","Polarized Majority","0","500","20000","500","99.4","0","1649591","0.5106536966310762","0.9948476105725779","1"
"347","Polarized Majority","0","500","20000","500","99.2","0","1651269","0.4780838878135155","0.9930192522127278","1"
"344","Polarized Majority","0","500","20000","500","99.2","0","1639631","0.5094282683832416","0.9927674637867229","1"
"345","Polarized Majority","0","500","20000","500","99.2","0","1645695","0.5267067825771883","0.9931263557619286","1"
"346","Polarized Majority","0","500","20000","500","99.2","0","1647578","0.5096781384963593","0.9928250299653247","1"
"348","Polarized Majority","0","500","20000","500","99.4","0","1649439","0.5192505636913393","0.9945375532759124","1"
"349","Polarized Majority","0","500","20000","500","99","0","1650484","0.4705029805805756","0.9912704882188108","1"
"350","Polarized Majority","0","500","20000","500","99","0","1645691","0.48452634251015814","0.9912661081484084","1"
"352","Polarized Majority","0.2","500","20000","500","91","0","1741110","0.6354569256287962","0.910657222763819","0.9895700000000002"
"351","Polarized Majority","0.2","500","20000","500","88.8","0","1657182","0.6006248990531141","0.889117065527871","0.9841099999999999"
"353","Polarized Majority","0.2","500","20000","500","88.4","0","1599470","0.5867251177565926","0.8848399975497919","0.9870300000000002"
"355","Polarized Majority","0.2","500","20000","500","88.4","0","1670261","0.39586282422928076","0.8856201651472995","0.9881200000000001"
"356","Polarized Majority","0.2","500","20000","500","90","0","1694061","0.6157477149170548","0.9011419170759668","0.9898700000000004"
"354","Polarized Majority","0.2","500","20000","500","90.8","0","1734735","0.3681778727673065","0.9093647532738639","0.9920900000000005"
"357","Polarized Majority","0.2","500","20000","500","90.4","0","1731971","0.6308179711466634","0.905052508990567","0.98912"
"358","Polarized Majority","0.2","500","20000","500","91.60000000000001","0","1756245","0.6383985598149502","0.9170186139163901","0.9881499999999999"
"360","Polarized Majority","0.2","500","20000","500","86.8","0","1600880","0.572660712460808","0.8693089915841471","0.9806300000000003"
"361","Polarized Majority","0.2","500","20000","500","87","0","1576752","0.4329855213063701","0.8710476786489858","0.97927"
"359","Polarized Majority","0.2","500","20000","500","87.6","0","1583988","0.5774046625461912","0.8772799089079767","0.9832500000000002"
"362","Polarized Majority","0.2","500","20000","500","89.4","0","1660981","0.6019560989202067","0.8941901228283038","0.98919"
"363","Polarized Majority","0.2","500","20000","500","90.8","0","1715777","0.6199884294371659","0.9086769499439471","0.9917100000000002"
"364","Polarized Majority","0.2","500","20000","500","88.2","0","1595464","0.41754730745136104","0.8831628194819572","0.9865100000000001"
"365","Polarized Majority","0.2","500","20000","500","85.6","0","1555106","0.43720374493110864","0.8581106121608822","0.9794900000000001"
"366","Polarized Majority","0.2","500","20000","500","89.60000000000001","0","1721412","0.6225446481825689","0.897585116103878","0.99094"
"367","Polarized Majority","0.2","500","20000","500","87.8","0","1616239","0.4127629076779221","0.879686722802334","0.9846600000000001"
"369","Polarized Majority","0.2","500","20000","500","91","0","1730692","0.6303341341927662","0.9111298744905457","0.9928499999999998"
"368","Polarized Majority","0.2","500","20000","500","91.60000000000001","0","1780851","0.6501210585715521","0.9165768323734177","0.9938299999999998"
"370","Polarized Majority","0.2","500","20000","500","87.4","0","1572605","0.5775199762412233","0.8750317095361946","0.9860000000000003"
"371","Polarized Majority","0.2","500","20000","500","91.4","0","1767776","0.6417141896528286","0.9149253838794855","0.9905499999999998"
"372","Polarized Majority","0.2","500","20000","500","92.4","0","1807595","0.33999441481438486","0.9252673978365967","0.9908000000000003"
"373","Polarized Majority","0.2","500","20000","500","88.4","0","1625346","0.596060668141604","0.8854940111960863","0.9914900000000002"
"374","Polarized Majority","0.2","500","20000","500","90.2","0","1679937","0.4019057115113604","0.9024489228458809","0.9806800000000001"
"375","Polarized Majority","0.2","500","20000","500","90","0","1685295","0.6160024237564818","0.9006967548150171","0.9892600000000001"
"376","Polarized Majority","0.2","500","20000","500","88.8","0","1638672","0.40629342522814915","0.8887860158311449","0.98047"
"377","Polarized Majority","0.2","500","20000","500","88.4","0","1641783","0.40681076902669533","0.8850250476349684","0.9847100000000003"
"378","Polarized Majority","0.2","500","20000","500","90.2","0","1740704","0.3698856615713887","0.9030051577666323","0.9896699999999999"
"379","Polarized Majority","0.2","500","20000","500","88","0","1629258","0.5923647896108167","0.8815110574695585","0.9882700000000001"
"381","Polarized Majority","0.2","500","20000","500","90","0","1684362","0.6122358549691816","0.90079785143185","0.9877100000000002"
"383","Polarized Majority","0.2","500","20000","500","88.6","0","1660332","0.6028693046930211","0.8875617341167593","0.9879100000000004"
"380","Polarized Majority","0.2","500","20000","500","92","0","1778883","0.6446526967747072","0.9206643899719323","0.9917300000000002"
"382","Polarized Majority","0.2","500","20000","500","92","0","1797012","0.6491077090411618","0.9208577133931839","0.9923"
"384","Polarized Majority","0.2","500","20000","500","90.2","0","1678887","0.39318331263804385","0.9025942850572126","0.9866399999999997"
"385","Polarized Majority","0.2","500","20000","500","88","0","1642510","0.5847183460859754","0.8808717791725028","0.9780500000000001"
"386","Polarized Majority","0.2","500","20000","500","89.60000000000001","0","1713687","0.382954326793525","0.8968634896785704","0.9917200000000003"
"387","Polarized Majority","0.2","500","20000","500","90.8","0","1750385","0.3610052423258169","0.9094760897671762","0.9919199999999998"
"389","Polarized Majority","0.2","500","20000","500","90.4","0","1730140","0.37895279089116624","0.9050287020114149","0.9876900000000003"
"391","Polarized Majority","0.2","500","20000","500","86","0","1552487","0.5659764765587162","0.8613784483243175","0.9848200000000001"
"390","Polarized Majority","0.2","500","20000","500","89.8","0","1685691","0.39025730912800227","0.8989302104931738","0.98888"
"388","Polarized Majority","0.2","500","20000","500","90.60000000000001","0","1716101","0.6226925608194922","0.9071162131556734","0.9914700000000002"
"392","Polarized Majority","0.2","500","20000","500","88.8","0","1649253","0.6003044032116943","0.8887612351911339","0.9888699999999999"
"397","Polarized Majority","0.2","500","20000","500","87.6","0","1594818","0.5744871198015914","0.8770907790252928","0.9856999999999998"
"393","Polarized Majority","0.2","500","20000","500","92.2","0","1797593","0.3393444149054727","0.9231935122554266","0.99413"
"396","Polarized Majority","0.2","500","20000","500","88.8","0","1602997","0.40730053183813714","0.8887239336103919","0.9839600000000002"
"394","Polarized Majority","0.2","500","20000","500","89.2","0","1667824","0.3927357140956015","0.8929020167961846","0.99158"
"399","Polarized Majority","0.2","500","20000","500","84.6","0","1509768","0.5554471026471084","0.8477932935729439","0.9832000000000004"
"398","Polarized Majority","0.2","500","20000","500","90.8","0","1707753","0.6321121640713689","0.9094558674022432","0.9928400000000002"
"395","Polarized Majority","0.2","500","20000","500","91.4","0","1744888","0.6345925434478801","0.9151844854103786","0.9929600000000003"
"400","Polarized Majority","0.2","500","20000","500","89","0","1659627","0.3935658655368681","0.8919761622901199","0.9889199999999999"
"401","Polarized Majority","0.4","500","20000","469","79.95735607675905","31","1523435","0.4381514320519349","0.8005903393380608","0.8671961620469084"
"402","Polarized Majority","0.4","500","20000","492","74.79674796747967","8","1503346","0.44044381606906163","0.7511653489607971","0.8695223577235771"
"403","Polarized Majority","0.4","500","20000","498","78.3132530120482","2","1529976","0.40997154488446325","0.7850034264851232","0.932208835341365"
"406","Polarized Majority","0.4","500","20000","388","87.62886597938144","112","1355354","0.5022768227408312","0.8767032875934092","0.9038788659793812"
"404","Polarized Majority","0.4","500","20000","499","81.56312625250501","1","1665542","0.3839670316378785","0.817176681786805","0.9260320641282568"
"405","Polarized Majority","0.4","500","20000","500","79.60000000000001","0","1617617","0.6074676344908811","0.7978210639996385","0.9462099999999996"
"407","Polarized Majority","0.4","500","20000","414","83.81642512077295","86","1396710","0.4735995575050851","0.8388692318508566","0.8838164251207725"
"409","Polarized Majority","0.4","500","20000","492","78.86178861788618","8","1551215","0.41959337764505006","0.7903106671820214","0.900599593495935"
"408","Polarized Majority","0.4","500","20000","413","81.59806295399515","87","1359384","0.5095637014116261","0.8168535332635679","0.8608837772397094"
"413","Polarized Majority","0.4","500","20000","379","94.1952506596306","121","1380218","0.5170115958612398","0.9421867591667161","0.9561873350923484"
"411","Polarized Majority","0.4","500","20000","413","82.56658595641646","87","1370417","0.5152493508190492","0.826347442509771","0.875774818401937"
"410","Polarized Majority","0.4","500","20000","431","76.33410672853829","69","1339442","0.49003009864216435","0.764754376760608","0.8333874709976796"
"414","Polarized Majority","0.4","500","20000","500","79","0","1566622","0.40243014336946165","0.792868310432074","0.93039"
"412","Polarized Majority","0.4","500","20000","499","82.76553106212425","1","1672184","0.3787943563524475","0.8292371198219314","0.9282264529058117"
"416","Polarized Majority","0.4","500","20000","496","79.43548387096774","4","1603344","0.40449305558064946","0.7967410830019906","0.9233971774193553"
"415","Polarized Majority","0.4","500","20000","500","83","0","1722236","0.635399632200855","0.8314055219766866","0.9390600000000004"
"417","Polarized Majority","0.4","500","20000","495","82.22222222222221","5","1676198","0.6151473381527613","0.823854121625745","0.9229696969696968"
"418","Polarized Majority","0.4","500","20000","445","78.65168539325843","55","1418751","0.5332394659398418","0.7879542852944007","0.8629999999999995"
"422","Polarized Majority","0.4","500","20000","411","88.32116788321169","89","1454627","0.4604340590762189","0.8836566395082903","0.9078467153284667"
"420","Polarized Majority","0.4","500","20000","498","80.52208835341365","2","1631846","0.6029401084310029","0.8070851100411722","0.9127911646586345"
"419","Polarized Majority","0.4","500","20000","500","86.8","0","1846648","0.3215648357164137","0.8695636325982312","0.9665000000000002"
"424","Polarized Majority","0.4","500","20000","434","76.72811059907833","66","1354676","0.5145999223664088","0.7685078781856497","0.8409447004608296"
"421","Polarized Majority","0.4","500","20000","500","81.2","0","1647359","0.37959867946057635","0.8143811064151596","0.9431000000000006"
"426","Polarized Majority","0.4","500","20000","409","88.50855745721272","91","1441702","0.4608690865793127","0.8854693777288974","0.9141809290953548"
"425","Polarized Majority","0.4","500","20000","390","87.6923076923077","110","1360577","0.5080656398546443","0.8773957802800255","0.9088717948717948"
"423","Polarized Majority","0.4","500","20000","466","75.32188841201717","34","1411007","0.45989323325319725","0.7553212234065483","0.8566845493562231"
"427","Polarized Majority","0.4","500","20000","500","82.8","0","1709782","0.6326082445067432","0.8299287552619953","0.9400699999999999"
"428","Polarized Majority","0.4","500","20000","498","79.71887550200803","2","1592443","0.3967016598999773","0.8002678058715912","0.9250000000000002"
"431","Polarized Majority","0.4","500","20000","478","75.73221757322176","22","1454289","0.44976706954269463","0.7593836283692885","0.8491841004184099"
"429","Polarized Majority","0.4","500","20000","500","79.2","0","1573562","0.5991697834825906","0.7942634936055147","0.93397"
"430","Polarized Majority","0.4","500","20000","495","79.7979797979798","5","1605831","0.4061526417912433","0.7995272300381959","0.9077676767676767"
"432","Polarized Majority","0.4","500","20000","496","79.43548387096774","4","1592293","0.5872446520926906","0.795994703870843","0.9039919354838705"
"433","Polarized Majority","0.4","500","20000","419","83.53221957040573","81","1409893","0.4699638991285887","0.8363662780970977","0.8864319809069214"
"434","Polarized Majority","0.4","500","20000","500","83.2","0","1722183","0.36461501213856684","0.8338116634178706","0.9455800000000002"
"435","Polarized Majority","0.4","500","20000","422","81.04265402843602","78","1385102","0.47990294582304277","0.8113513269577408","0.8742890995260665"
"438","Polarized Majority","0.4","500","20000","499","79.55911823647295","1","1628628","0.5981827751459964","0.7972419180511447","0.928937875751503"
"437","Polarized Majority","0.4","500","20000","498","77.91164658634538","2","1589156","0.4144174704078725","0.7812837943408402","0.9058232931726908"
"436","Polarized Majority","0.4","500","20000","493","78.09330628803245","7","1553144","0.5813632591358795","0.7830994898847261","0.8800709939148071"
"439","Polarized Majority","0.4","500","20000","432","77.77777777777779","68","1363444","0.4921211361989871","0.7788445928920943","0.8515162037037032"
"440","Polarized Majority","0.4","500","20000","479","76.82672233820459","21","1464868","0.5529442108671057","0.7696014947275125","0.8584029227557409"
"442","Polarized Majority","0.4","500","20000","451","78.7139689578714","49","1433940","0.5328973284117104","0.7881254923374234","0.8549778270509977"
"441","Polarized Majority","0.4","500","20000","499","80.16032064128257","1","1613060","0.3928034364429407","0.8038997356982255","0.9284168336673342"
"443","Polarized Majority","0.4","500","20000","449","78.17371937639199","51","1411861","0.465865412750156","0.7829134966806306","0.8539086859688192"
"445","Polarized Majority","0.4","500","20000","407","83.53808353808354","93","1374688","0.5070222626081292","0.8360802095953737","0.8830221130221134"
"444","Polarized Majority","0.4","500","20000","489","73.61963190184049","11","1463936","0.4513496926083153","0.7384137037937685","0.8650204498977506"
"446","Polarized Majority","0.4","500","20000","434","78.3410138248848","66","1367565","0.5214062159693121","0.7849191414294366","0.8553110599078341"
"452","Polarized Majority","0.6","500","20000","328","100","172","1191698","0.4969512195121951","1","1"
"447","Polarized Majority","0.4","500","20000","490","76.93877551020408","10","1526180","0.5693270804082329","0.7713043550621365","0.8851632653061224"
"451","Polarized Majority","0.6","500","20000","313","100","187","1140868","0.5143769968051118","1","1"
"453","Polarized Majority","0.6","500","20000","320","100","180","1156918","0.503125","1","1"
"449","Polarized Majority","0.4","500","20000","495","71.11111111111111","5","1394814","0.5441928341748894","0.7134129248468605","0.8713939393939393"
"454","Polarized Majority","0.6","500","20000","308","100","192","1123065","0.4935064935064935","1","1"
"448","Polarized Majority","0.4","500","20000","499","77.55511022044088","1","1521722","0.415536178283705","0.7773296343450018","0.9059819639278559"
"455","Polarized Majority","0.6","500","20000","325","100","175","1211031","0.4553846153846154","1","1"
"450","Polarized Majority","0.4","500","20000","454","81.71806167400881","46","1510224","0.4447224860319897","0.8179997444547","0.8750440528634363"
"457","Polarized Majority","0.6","500","20000","318","100","182","1150307","0.4811320754716981","1","1"
"456","Polarized Majority","0.6","500","20000","323","100","177","1226100","0.43962848297213625","1","1"
"459","Polarized Majority","0.6","500","20000","306","100","194","1126153","0.5228758169934641","1","1"
"458","Polarized Majority","0.6","500","20000","317","100","183","1206494","0.4479495268138801","1","1"
"463","Polarized Majority","0.6","500","20000","316","100","184","1143549","0.4936708860759494","1","1"
"460","Polarized Majority","0.6","500","20000","334","100","166","1224090","0.5119760479041916","1","1"
"461","Polarized Majority","0.6","500","20000","313","100","187","1126713","0.49201277955271566","1","1"
"462","Polarized Majority","0.6","500","20000","335","100","165","1271411","0.4388059701492537","1","1"
"465","Polarized Majority","0.6","500","20000","330","100","170","1203587","0.5060606060606061","1","1"
"464","Polarized Majority","0.6","500","20000","334","100","166","1252096","0.4550898203592814","1","1"
"466","Polarized Majority","0.6","500","20000","331","100","169","1206683","0.5045317220543807","1","1"
"468","Polarized Majority","0.6","500","20000","318","100","182","1158285","0.5","1","1"
"470","Polarized Majority","0.6","500","20000","324","100","176","1176859","0.4783950617283951","1","1"
"469","Polarized Majority","0.6","500","20000","338","100","162","1257659","0.5414201183431953","1","1"
"471","Polarized Majority","0.6","500","20000","317","100","183","1146599","0.4952681388012618","1","1"
"467","Polarized Majority","0.6","500","20000","322","99.68944099378882","178","1238318","0.4364174269789351","0.996903075362199","0.9969565217391304"
"473","Polarized Majority","0.6","500","20000","331","100","169","1207276","0.4743202416918429","1","1"
"472","Polarized Majority","0.6","500","20000","329","100","171","1217158","0.5167173252279635","1","1"
"474","Polarized Majority","0.6","500","20000","314","100","186","1133432","0.49044585987261147","1","1"
"475","Polarized Majority","0.6","500","20000","310","100","190","1160266","0.4612903225806452","1","1"
"476","Polarized Majority","0.6","500","20000","333","100","167","1277890","0.42342342342342343","1","1"
"477","Polarized Majority","0.6","500","20000","312","100","188","1129691","0.49038461538461536","1","1"
"478","Polarized Majority","0.6","500","20000","313","100","187","1150437","0.5303514376996805","1","1"
"479","Polarized Majority","0.6","500","20000","309","100","191","1130167","0.48220064724919093","1","1"
"480","Polarized Majority","0.6","500","20000","306","99.34640522875817","194","1134479","0.4671423711903794","0.9934834413096303","0.9938071895424837"
"481","Polarized Majority","0.6","500","20000","314","100","186","1137811","0.5063694267515924","1","1"
"482","Polarized Majority","0.6","500","20000","318","100","182","1156546","0.5062893081761006","1","1"
"483","Polarized Majority","0.6","500","20000","337","100","163","1234065","0.49258160237388726","1","1"
"486","Polarized Majority","0.6","500","20000","322","100","178","1168888","0.5124223602484472","1","1"
"484","Polarized Majority","0.6","500","20000","311","100","189","1139880","0.4694533762057878","1","1"
"485","Polarized Majority","0.6","500","20000","321","100","179","1163123","0.4953271028037383","1","1"
"487","Polarized Majority","0.6","500","20000","298","100","202","1088933","0.5234899328859061","1","1"
"488","Polarized Majority","0.6","500","20000","329","100","171","1225539","0.45896656534954405","1","1"
"489","Polarized Majority","0.6","500","20000","311","100","189","1125057","0.4983922829581994","1","1"
"492","Polarized Majority","0.6","500","20000","318","100","182","1174961","0.46540880503144655","1","1"
"490","Polarized Majority","0.6","500","20000","327","99.38837920489296","173","1252944","0.4341877544565577","0.9938947549646323","0.9942201834862385"
"493","Polarized Majority","0.6","500","20000","328","100","172","1208695","0.5274390243902439","1","1"
"491","Polarized Majority","0.6","500","20000","303","100","197","1121894","0.4752475247524752","1","1"
"494","Polarized Majority","0.6","500","20000","318","100","182","1154399","0.4937106918238994","1","1"
"495","Polarized Majority","0.6","500","20000","305","99.34426229508196","195","1105040","0.5147421694660688","0.9934584037601786","0.9937377049180329"
"498","Polarized Majority","0.6","500","20000","325","100","175","1177816","0.49846153846153846","1","1"
"497","Polarized Majority","0.6","500","20000","330","100","170","1209231","0.5212121212121212","1","1"
"496","Polarized Majority","0.6","500","20000","310","99.67741935483872","190","1162896","0.5436327426650552","0.996783017217143","0.9969677419354839"
"501","Polarized Majority","0.8","500","20000","308","100","192","1116728","0.4902597402597403","1","1"
"503","Polarized Majority","0.8","500","20000","323","100","177","1197275","0.4551083591331269","1","1"
"502","Polarized Majority","0.8","500","20000","306","100","194","1113368","0.5555555555555556","1","1"
"499","Polarized Majority","0.6","500","20000","304","99.67105263157895","196","1109951","0.49498253343631704","0.9967189551021832","0.9968421052631578"
"500","Polarized Majority","0.6","500","20000","313","100","187","1135224","0.5047923322683706","1","1"
"504","Polarized Majority","0.8","500","20000","323","100","177","1193987","0.4891640866873065","1","1"
"505","Polarized Majority","0.8","500","20000","319","100","181","1173129","0.46394984326018807","1","1"
"506","Polarized Majority","0.8","500","20000","309","100","191","1121238","0.5275080906148867","1","1"
"507","Polarized Majority","0.8","500","20000","304","100","196","1099165","0.46710526315789475","1","1"
"508","Polarized Majority","0.8","500","20000","305","100","195","1101955","0.4918032786885246","1","1"
"509","Polarized Majority","0.8","500","20000","301","100","199","1085958","0.5249169435215947","1","1"
"510","Polarized Majority","0.8","500","20000","311","100","189","1129131","0.4758842443729904","1","1"
"511","Polarized Majority","0.8","500","20000","308","100","192","1130343","0.5551948051948052","1","1"
"512","Polarized Majority","0.8","500","20000","310","100","190","1129891","0.4774193548387097","1","1"
"513","Polarized Majority","0.8","500","20000","315","100","185","1156995","0.45396825396825397","1","1"
"514","Polarized Majority","0.8","500","20000","312","100","188","1144876","0.5512820512820513","1","1"
"515","Polarized Majority","0.8","500","20000","313","100","187","1152338","0.4536741214057508","1","1"
"516","Polarized Majority","0.8","500","20000","308","100","192","1126068","0.4512987012987013","1","1"
"518","Polarized Majority","0.8","500","20000","304","100","196","1094312","0.4901315789473684","1","1"
"522","Polarized Majority","0.8","500","20000","307","100","193","1113575","0.5179153094462541","1","1"
"519","Polarized Majority","0.8","500","20000","322","100","178","1194985","0.515527950310559","1","1"
"517","Polarized Majority","0.8","500","20000","304","100","196","1118565","0.42105263157894735","1","1"
"520","Polarized Majority","0.8","500","20000","312","100","188","1144742","0.5512820512820513","1","1"
"521","Polarized Majority","0.8","500","20000","319","100","181","1178651","0.5266457680250783","1","1"
"524","Polarized Majority","0.8","500","20000","317","100","183","1158390","0.5110410094637224","1","1"
"523","Polarized Majority","0.8","500","20000","325","100","175","1219374","0.4492307692307692","1","1"
"525","Polarized Majority","0.8","500","20000","321","100","179","1198107","0.4485981308411215","1","1"
"526","Polarized Majority","0.8","500","20000","314","100","186","1152257","0.4872611464968153","1","1"
"527","Polarized Majority","0.8","500","20000","313","100","187","1148300","0.45686900958466453","1","1"
"528","Polarized Majority","0.8","500","20000","310","100","190","1122971","0.4806451612903226","1","1"
"529","Polarized Majority","0.8","500","20000","301","100","199","1075519","0.4883720930232558","1","1"
"530","Polarized Majority","0.8","500","20000","311","100","189","1132276","0.5016077170418006","1","1"
"534","Polarized Majority","0.8","500","20000","310","100","190","1128608","0.47096774193548385","1","1"
"531","Polarized Majority","0.8","500","20000","319","100","181","1174188","0.5109717868338558","1","1"
"532","Polarized Majority","0.8","500","20000","315","100","185","1163285","0.546031746031746","1","1"
"533","Polarized Majority","0.8","500","20000","325","100","175","1208856","0.5353846153846153","1","1"
"535","Polarized Majority","0.8","500","20000","318","100","182","1173276","0.5283018867924528","1","1"
"537","Polarized Majority","0.8","500","20000","329","100","171","1231085","0.49544072948328266","1","1"
"536","Polarized Majority","0.8","500","20000","322","100","178","1190353","0.5124223602484472","1","1"
"538","Polarized Majority","0.8","500","20000","308","100","192","1118109","0.4837662337662338","1","1"
"539","Polarized Majority","0.8","500","20000","315","100","185","1181215","0.5841269841269842","1","1"
"540","Polarized Majority","0.8","500","20000","334","100","166","1258800","0.5089820359281437","1","1"
"541","Polarized Majority","0.8","500","20000","309","100","191","1122156","0.5016181229773463","1","1"
"542","Polarized Majority","0.8","500","20000","320","100","180","1182676","0.503125","1","1"
"543","Polarized Majority","0.8","500","20000","307","100","193","1108011","0.48859934853420195","1","1"
"544","Polarized Majority","0.8","500","20000","311","100","189","1133587","0.5144694533762058","1","1"
"547","Polarized Majority","0.8","500","20000","330","100","170","1239230","0.45454545454545453","1","1"
"545","Polarized Majority","0.8","500","20000","317","100","183","1167397","0.45425867507886436","1","1"
"546","Polarized Majority","0.8","500","20000","326","100","174","1210769","0.4723926380368098","1","1"
"548","Polarized Majority","0.8","500","20000","308","100","192","1125490","0.4577922077922078","1","1"
"550","Polarized Majority","0.8","500","20000","302","100","198","1081161","0.5231788079470199","1","1"
"549","Polarized Majority","0.8","500","20000","325","100","175","1211529","0.48307692307692307","1","1"
"551","Polarized Majority","1","500","20000","320","100","180","1280382","0.50625","1","1"
"552","Polarized Majority","1","500","20000","309","100","191","1210221","0.5275080906148867","1","1"
"553","Polarized Majority","1","500","20000","313","100","187","1233192","0.4952076677316294","1","1"
"554","Polarized Majority","1","500","20000","318","100","182","1274008","0.5220125786163522","1","1"
"555","Polarized Majority","1","500","20000","306","100","194","1190890","0.4934640522875817","1","1"
"556","Polarized Majority","1","500","20000","306","100","194","1186592","0.4934640522875817","1","1"
"557","Polarized Majority","1","500","20000","317","100","183","1268061","0.4952681388012618","1","1"
"561","Polarized Majority","1","500","20000","307","100","193","1194973","0.4527687296416938","1","1"
"559","Polarized Majority","1","500","20000","289","100","211","1081527","0.5086505190311419","1","1"
"558","Polarized Majority","1","500","20000","303","100","197","1170602","0.5181518151815182","1","1"
"560","Polarized Majority","1","500","20000","315","100","185","1247926","0.45396825396825397","1","1"
"563","Polarized Majority","1","500","20000","309","100","191","1219033","0.44983818770226536","1","1"
"562","Polarized Majority","1","500","20000","319","100","181","1276558","0.48589341692789967","1","1"
"566","Polarized Majority","1","500","20000","304","100","196","1172719","0.5328947368421053","1","1"
"564","Polarized Majority","1","500","20000","311","100","189","1225649","0.4855305466237942","1","1"
"565","Polarized Majority","1","500","20000","305","100","195","1183150","0.5147540983606558","1","1"
"567","Polarized Majority","1","500","20000","301","100","199","1158177","0.521594684385382","1","1"
"568","Polarized Majority","1","500","20000","315","100","185","1249859","0.4984126984126984","1","1"
"570","Polarized Majority","1","500","20000","311","100","189","1221261","0.4630225080385852","1","1"
"569","Polarized Majority","1","500","20000","324","100","176","1322279","0.4660493827160494","1","1"
"571","Polarized Majority","1","500","20000","305","100","195","1180632","0.49508196721311476","1","1"
"572","Polarized Majority","1","500","20000","314","100","186","1248681","0.5573248407643312","1","1"
"574","Polarized Majority","1","500","20000","305","100","195","1177411","0.4885245901639344","1","1"
"573","Polarized Majority","1","500","20000","317","100","183","1263925","0.47318611987381703","1","1"
"575","Polarized Majority","1","500","20000","317","100","183","1267785","0.5047318611987381","1","1"
"576","Polarized Majority","1","500","20000","320","100","180","1282327","0.49375","1","1"
"577","Polarized Majority","1","500","20000","326","100","174","1330942","0.5061349693251533","1","1"
"578","Polarized Majority","1","500","20000","318","100","182","1281171","0.5880503144654088","1","1"
"580","Polarized Majority","1","500","20000","308","100","192","1200622","0.538961038961039","1","1"
"583","Polarized Majority","1","500","20000","296","100","204","1131462","0.5101351351351351","1","1"
"579","Polarized Majority","1","500","20000","321","100","179","1287212","0.5482866043613707","1","1"
"581","Polarized Majority","1","500","20000","318","100","182","1261597","0.5094339622641509","1","1"
"582","Polarized Majority","1","500","20000","312","100","188","1237038","0.47435897435897434","1","1"
"584","Polarized Majority","1","500","20000","323","100","177","1308492","0.5108359133126935","1","1"
"585","Polarized Majority","1","500","20000","297","100","203","1134219","0.5185185185185185","1","1"
"587","Polarized Majority","1","500","20000","298","100","202","1141833","0.49328859060402686","1","1"
"589","Polarized Majority","1","500","20000","317","100","183","1262445","0.45741324921135645","1","1"
"586","Polarized Majority","1","500","20000","324","100","176","1313446","0.4876543209876543","1","1"
"588","Polarized Majority","1","500","20000","314","100","186","1240050","0.5573248407643312","1","1"
"590","Polarized Majority","1","500","20000","315","100","185","1248472","0.5206349206349207","1","1"
"591","Polarized Majority","1","500","20000","311","100","189","1224314","0.5048231511254019","1","1"
"593","Polarized Majority","1","500","20000","312","100","188","1233207","0.5576923076923077","1","1"
"594","Polarized Majority","1","500","20000","303","100","197","1168727","0.45874587458745875","1","1"
"592","Polarized Majority","1","500","20000","323","100","177","1308823","0.544891640866873","1","1"
"596","Polarized Majority","1","500","20000","298","100","202","1133635","0.4697986577181208","1","1"
"595","Polarized Majority","1","500","20000","304","100","196","1175112","0.5328947368421053","1","1"
"598","Polarized Majority","1","500","20000","303","100","197","1169914","0.5214521452145214","1","1"
"597","Polarized Majority","1","500","20000","316","100","184","1257939","0.5063291139240507","1","1"
"599","Polarized Majority","1","500","20000","322","100","178","1298604","0.5559006211180124","1","1"
"600","Polarized Majority","1","500","20000","313","100","187","1230364","0.5111821086261981","1","1"
"603","Random","0","500","20000","500","98.8","0","1631674","0.4838647839968989","0.9895774044828765","1"
"601","Random","0","500","20000","500","98.8","0","1636906","0.4817548135935284","0.9893413149620881","1"
"602","Random","0","500","20000","500","99.4","0","1646051","0.5173420568128391","0.9946522204970497","1"
"604","Random","0","500","20000","500","99","0","1644316","0.509348848151648","0.9913114571454117","1"
"605","Random","0","500","20000","500","99.2","0","1643306","0.48187911217869095","0.9925659327154426","1"
"606","Random","0","500","20000","500","99.6","0","1661816","0.4578173543458687","0.9961615810941726","1"
"607","Random","0","500","20000","500","99.2","0","1642091","0.484469233443236","0.9927045290213037","1"
"609","Random","0","500","20000","500","99.2","0","1645771","0.497580553127447","0.9928371907543518","1"
"608","Random","0","500","20000","500","99.4","0","1648206","0.5132350736761498","0.9945148646336218","1"
"611","Random","0","500","20000","500","99.4","0","1647918","0.479065241196066","0.9944631197913921","1"
"612","Random","0","500","20000","500","99.4","0","1651231","0.46911840271895977","0.9945212405969942","1"
"610","Random","0","500","20000","500","98.8","0","1639890","0.5239251167500625","0.9893686937969655","1"
"613","Random","0","500","20000","500","99.2","0","1649288","0.5122619288941135","0.9923666758817322","1"
"614","Random","0","500","20000","500","99","0","1650766","0.5245907466787204","0.9909775963494989","1"
"615","Random","0","500","20000","500","99.2","0","1645915","0.46738011420430897","0.992862691124307","1"
"616","Random","0","500","20000","500","99.2","0","1644602","0.5081067810843063","0.9928010221859476","1"
"617","Random","0","500","20000","500","99.4","0","1644910","0.4804164604180847","0.9942874004875482","1"
"619","Random","0","500","20000","500","98.6","0","1630216","0.508449941826839","0.9882985093867761","1"
"618","Random","0","500","20000","500","99.2","0","1648879","0.5126708556158278","0.9930430508764123","1"
"621","Random","0","500","20000","500","99.2","0","1642483","0.47072960962319677","0.9930944446822487","1"
"620","Random","0","500","20000","500","99.2","0","1649114","0.45664921099048567","0.9930103132337667","1"
"623","Random","0","500","20000","500","98.8","0","1640133","0.508077459881952","0.9891344023684127","1"
"622","Random","0","500","20000","500","99.4","0","1641775","0.4828287787686348","0.9945592364488981","1"
"624","Random","0","500","20000","500","99.2","0","1643495","0.5357854207523172","0.9927865836457892","1"
"625","Random","0","500","20000","500","99.2","0","1648050","0.45626953939191744","0.9928996016549868","1"
"626","Random","0","500","20000","500","99.2","0","1641063","0.4861310442916456","0.9927636304114961","1"
"627","Random","0","500","20000","500","99","0","1639862","0.5193703037069258","0.991014114809429","1"
"629","Random","0","500","20000","500","99.4","0","1646820","0.4912300509817934","0.9946173801537633","1"
"628","Random","0","500","20000","500","99.4","0","1641782","0.5027540256907738","0.9946828225098409","1"
"632","Random","0","500","20000","500","99","0","1639139","0.5034701713889425","0.991121425222898","1"
"631","Random","0","500","20000","500","99.2","0","1647875","0.4772851395022127","0.9927725277350382","1"
"633","Random","0","500","20000","500","99.4","0","1638704","0.47878378056733245","0.9946056935417368","1"
"630","Random","0","500","20000","500","99.2","0","1643923","0.5200166490661036","0.9928393294267583","1"
"634","Random","0","500","20000","500","99","0","1640883","0.5095266770483542","0.9911601169190228","1"
"635","Random","0","500","20000","500","98.8","0","1638662","0.49581911344705926","0.9893483162530547","1"
"636","Random","0","500","20000","500","99.2","0","1636135","0.48393768065764825","0.9928966376747131","1"
"637","Random","0","500","20000","500","99.6","0","1649848","0.4701778619074486","0.9959813432494037","1"
"638","Random","0","500","20000","500","99","0","1641454","0.4887899559881795","0.9910726095441522","1"
"639","Random","0","500","20000","500","99.2","0","1643294","0.46719893630271925","0.9924352847153226","1"
"641","Random","0","500","20000","500","99.2","0","1639150","0.5038091765096878","0.9929143068541718","1"
"642","Random","0","500","20000","500","99","0","1633959","0.5031779126180542","0.9911172704082931","1"
"640","Random","0","500","20000","500","99","0","1678028","0.5889129989887864","0.9910018230527143","1"
"643","Random","0","500","20000","500","99.4","0","1643946","0.4835011030864566","0.994618080492255","1"
"644","Random","0","500","20000","500","99","0","1633842","0.4974027935098777","0.9911028226777453","1"
"648","Random","0","500","20000","500","99","0","1638890","0.5046198722315361","0.9913304699397606","1"
"645","Random","0","500","20000","500","99.2","0","1633307","0.4993946426999624","0.9927695482543503","1"
"646","Random","0","500","20000","500","99.2","0","1644624","0.4898108867752284","0.9929430328510546","1"
"647","Random","0","500","20000","500","99.2","0","1645295","0.5061230760565474","0.9924812794550283","1"
"649","Random","0","500","20000","500","99","0","1641950","0.5150451951890803","0.9911059156601726","1"
"650","Random","0","500","20000","500","98.8","0","1635747","0.4858126723304329","0.9897135438211122","1"
"652","Random","0.2","500","20000","500","88.8","0","1642608","0.5967396479489588","0.8890586640657926","0.9849799999999996"
"651","Random","0.2","500","20000","500","92.2","0","1830007","0.3349551777441895","0.9227921283751759","0.99527"
"653","Random","0.2","500","20000","500","90.2","0","1701064","0.622091128012068","0.9029900941945231","0.98624"
"656","Random","0.2","500","20000","500","90.2","0","1707823","0.3761070799991318","0.9031123548552917","0.9881399999999999"
"657","Random","0.2","500","20000","500","89.4","0","1669954","0.3973842894619859","0.8951785624470434","0.98904"
"655","Random","0.2","500","20000","500","89","0","1631501","0.6068142772983693","0.8914354841848053","0.9909400000000002"
"654","Random","0.2","500","20000","500","93","0","1836377","0.6732930021884844","0.9308742641888856","0.9942700000000001"
"658","Random","0.2","500","20000","500","92.2","0","1775108","0.3490800729164572","0.9224495413215023","0.9938000000000003"
"659","Random","0.2","500","20000","500","92","0","1806340","0.6611066089273216","0.9211024107103767","0.9944399999999999"
"660","Random","0.2","500","20000","500","88.8","0","1618772","0.6014129393149807","0.889129426985479","0.9913200000000001"
"661","Random","0.2","500","20000","500","94","0","1892897","0.6960694083794478","0.9406923085054091","0.9932900000000002"
"663","Random","0.2","500","20000","500","89.8","0","1691633","0.6147397648503183","0.8996497305045291","0.9918300000000001"
"662","Random","0.2","500","20000","500","92","0","1776450","0.6530204376181895","0.9209887573462017","0.9935299999999999"
"665","Random","0.2","500","20000","500","90.2","0","1700400","0.37896972146717023","0.9028281802867125","0.9922499999999999"
"664","Random","0.2","500","20000","500","93.8","0","1898654","0.3069146526050513","0.9385623957931081","0.99479"
"666","Random","0.2","500","20000","500","92","0","1799487","0.6635085202833386","0.9212336495687699","0.9963399999999998"
"667","Random","0.2","500","20000","500","91.4","0","1720506","0.36498129653823536","0.915275410071356","0.9937600000000001"
"668","Random","0.2","500","20000","500","93.2","0","1854464","0.31812135410145","0.9327455074064633","0.9944500000000002"
"671","Random","0.2","500","20000","500","82.6","0","1464048","0.4593914136206353","0.8276751685795812","0.9774800000000001"
"669","Random","0.2","500","20000","500","89.4","0","1665068","0.5971810458599723","0.8947946154979209","0.98339"
"677","Random","0.2","500","20000","500","90.60000000000001","0","1737067","0.3633615741983139","0.9075322329243465","0.9947500000000001"
"670","Random","0.2","500","20000","500","91.60000000000001","0","1772951","0.35020255550351165","0.9173489128463767","0.99311"
"672","Random","0.2","500","20000","500","90.2","0","1709914","0.3770158884355726","0.9042159647768053","0.9929800000000001"
"676","Random","0.2","500","20000","500","89.8","0","1663448","0.39840255552568293","0.8988567230873589","0.9847200000000002"
"674","Random","0.2","500","20000","500","91","0","1761124","0.35634159437265356","0.9108482520212684","0.9920599999999999"
"673","Random","0.2","500","20000","500","92.2","0","1813359","0.33353236219728105","0.9232415019084889","0.9955799999999999"
"675","Random","0.2","500","20000","500","93.4","0","1865829","0.6813447779774812","0.9346183404205664","0.99347"
"678","Random","0.2","500","20000","500","92.60000000000001","0","1819970","0.6662559185175584","0.9269678379442741","0.9936299999999999"
"679","Random","0.2","500","20000","500","91.4","0","1748083","0.35807086541388383","0.9149393836690074","0.9918000000000005"
"680","Random","0.2","500","20000","500","91.8","0","1772468","0.35601688436632106","0.9189394305600707","0.9924100000000002"
"682","Random","0.2","500","20000","500","90","0","1708391","0.6203166708475727","0.9015329484371015","0.99064"
"681","Random","0.2","500","20000","500","92.4","0","1810911","0.33444389915843464","0.9252213325808847","0.9965600000000001"
"683","Random","0.2","500","20000","500","92.60000000000001","0","1790822","0.6599553583251712","0.9266912520456682","0.9936"
"687","Random","0.2","500","20000","500","88.8","0","1632113","0.3981669405014061","0.8887641751082453","0.9882000000000003"
"685","Random","0.2","500","20000","500","90.8","0","1725398","0.3729956709122588","0.9089634134147295","0.9895499999999999"
"684","Random","0.2","500","20000","500","89.8","0","1673127","0.6104787619187644","0.8991654697333019","0.99355"
"686","Random","0.2","500","20000","500","91.4","0","1726886","0.3666973962769401","0.9148895081166437","0.99076"
"691","Random","0.2","500","20000","500","88","0","1621541","0.585238011610533","0.8813271660713508","0.9829300000000002"
"690","Random","0.2","500","20000","500","89.60000000000001","0","1665758","0.6162269502484928","0.8979729882665671","0.9908700000000003"
"688","Random","0.2","500","20000","500","93","0","1857446","0.32049063736665095","0.9308955138203885","0.9949300000000002"
"692","Random","0.2","500","20000","500","90.8","0","1727179","0.37078835503265833","0.9092409677343406","0.9884499999999999"
"693","Random","0.2","500","20000","500","90","0","1702301","0.3826542410735988","0.9010772789919542","0.9867800000000001"
"689","Random","0.2","500","20000","500","93.60000000000001","0","1884377","0.3078889785029864","0.9366531369766972","0.9960200000000003"
"694","Random","0.2","500","20000","500","87.4","0","1612080","0.5821130180206782","0.8753021973510887","0.9845700000000003"
"695","Random","0.2","500","20000","500","91","0","1728256","0.36607970440272436","0.9109496615891097","0.99282"
"696","Random","0.2","500","20000","500","91.4","0","1756048","0.3615041750124893","0.9146074244281753","0.9922799999999998"
"697","Random","0.2","500","20000","500","90.4","0","1723782","0.6331645283712019","0.9049997822192901","0.9955200000000001"
"698","Random","0.2","500","20000","500","89.4","0","1680356","0.6091105788852998","0.8946772786485467","0.98795"
"700","Random","0.2","500","20000","500","91.2","0","1736154","0.6427597678392443","0.9127769597985129","0.9937700000000006"
"699","Random","0.2","500","20000","500","90.4","0","1724074","0.6216100539729799","0.9045955975276815","0.99106"
"701","Random","0.4","500","20000","500","84.8","0","1746755","0.6518621876262458","0.8500641744378626","0.9560500000000001"
"702","Random","0.4","500","20000","500","84.8","0","1780290","0.6596185530987996","0.8499026527221655","0.96104"
"704","Random","0.4","500","20000","500","84.8","0","1763842","0.6560906091703883","0.8492293671096072","0.9629500000000002"
"706","Random","0.4","500","20000","499","82.96593186372746","1","1686505","0.6280097092423771","0.8308549864172037","0.9411022044088173"
"703","Random","0.4","500","20000","499","84.96993987975952","1","1742203","0.6513927182812507","0.8513599242416544","0.9479058116232464"
"705","Random","0.4","500","20000","500","84.39999999999999","0","1750519","0.35219350018643314","0.8451200601935792","0.9515700000000002"
"710","Random","0.4","500","20000","500","79","0","1540840","0.5944987478397636","0.7922292758824382","0.9354100000000001"
"708","Random","0.4","500","20000","500","83.6","0","1740974","0.6485199164937507","0.8376166706211435","0.9531000000000001"
"707","Random","0.4","500","20000","500","88.2","0","1920382","0.7034304967626387","0.8831834745611624","0.97288"
"709","Random","0.4","500","20000","500","85","0","1791842","0.6611796970001194","0.8514460483143371","0.9634700000000003"
"711","Random","0.4","500","20000","500","79.2","0","1568277","0.6072505734993732","0.7944008690382065","0.9427799999999997"
"713","Random","0.4","500","20000","500","85.2","0","1774404","0.6589230357409902","0.8536304636897921","0.9617999999999995"
"714","Random","0.4","500","20000","500","80.4","0","1571699","0.3863599717036716","0.8065346248314164","0.94993"
"712","Random","0.4","500","20000","500","83.6","0","1698523","0.6391367785391384","0.8375448948021034","0.94809"
"715","Random","0.4","500","20000","500","83.2","0","1672278","0.64051038416032","0.8338381453668592","0.96133"
"716","Random","0.4","500","20000","500","81.2","0","1637050","0.38072555930774654","0.8135349510512397","0.9499599999999997"
"717","Random","0.4","500","20000","499","83.56713426853707","1","1722877","0.3569353688498017","0.8373382100077185","0.9502404809619241"
"720","Random","0.4","500","20000","500","83","0","1726182","0.6391790906602403","0.831366832555641","0.9489299999999998"
"719","Random","0.4","500","20000","500","87.6","0","1881038","0.3146784815271307","0.876881050108218","0.96627"
"722","Random","0.4","500","20000","500","82.8","0","1685377","0.6357770699821786","0.830284165358643","0.9587"
"723","Random","0.4","500","20000","500","84.39999999999999","0","1761437","0.3451342470106776","0.8453593320262922","0.95624"
"718","Random","0.4","500","20000","500","84","0","1737513","0.3507576213969604","0.8415211938966678","0.95773"
"724","Random","0.4","500","20000","500","88.2","0","1920304","0.3046150009696947","0.8830534117989742","0.97097"
"725","Random","0.4","500","20000","500","82.39999999999999","0","1678886","0.3688489816599468","0.8256053001110211","0.94657"
"721","Random","0.4","500","20000","500","81.39999999999999","0","1677086","0.38298189095859136","0.816185829486325","0.9311599999999998"
"728","Random","0.4","500","20000","500","81.39999999999999","0","1652983","0.3710375043055389","0.8160671883462816","0.9565999999999999"
"726","Random","0.4","500","20000","500","82","0","1667989","0.3665603790156805","0.8215283650607211","0.9592500000000003"
"729","Random","0.4","500","20000","500","86.8","0","1853725","0.67394999971748","0.8693800869445325","0.9580799999999996"
"727","Random","0.4","500","20000","500","84.39999999999999","0","1744184","0.6513576522914996","0.845338212789268","0.9578900000000006"
"730","Random","0.4","500","20000","500","82.8","0","1704814","0.35939857150534527","0.830472646221951","0.9639099999999998"
"731","Random","0.4","500","20000","500","85.8","0","1853951","0.6750145024345404","0.859172319580561","0.96009"
"732","Random","0.4","500","20000","500","85","0","1744735","0.3501027844189797","0.8516550603665043","0.94395"
"733","Random","0.4","500","20000","500","82.19999999999999","0","1653455","0.6297858077856971","0.8236062722468364","0.9517400000000001"
"738","Random","0.4","500","20000","389","87.66066838046272","111","1352853","0.48996914504923705","0.8771456924283114","0.907223650385604"
"734","Random","0.4","500","20000","500","84.39999999999999","0","1754204","0.6544428156125537","0.8452245296803073","0.9671"
"736","Random","0.4","500","20000","499","78.75751503006012","1","1550711","0.5978067845889439","0.7896726855148964","0.9322645290581159"
"735","Random","0.4","500","20000","500","83.6","0","1700184","0.64291022178186","0.8375781738911099","0.95822"
"737","Random","0.4","500","20000","500","85","0","1808428","0.3290763933627004","0.8519036104518176","0.97088"
"739","Random","0.4","500","20000","495","76.56565656565657","5","1501825","0.5750875478614429","0.7677046520247758","0.9045959595959596"
"740","Random","0.4","500","20000","500","85.8","0","1810934","0.6662119564293054","0.8596611269863497","0.9615500000000001"
"741","Random","0.4","500","20000","500","85.6","0","1791757","0.33820540575994185","0.8572147508859683","0.9641400000000001"
"742","Random","0.4","500","20000","500","85.2","0","1792815","0.6622897432374237","0.8531899934550429","0.9561900000000001"
"743","Random","0.4","500","20000","499","84.96993987975952","1","1736483","0.3486516729133402","0.8512522536172609","0.9608517034068136"
"744","Random","0.4","500","20000","500","85.6","0","1805259","0.33215620614724717","0.8577049665551345","0.9629099999999996"
"747","Random","0.4","500","20000","500","85.39999999999999","0","1828041","0.3289847779051259","0.855921861706755","0.96461"
"745","Random","0.4","500","20000","498","84.93975903614458","2","1752238","0.6440894432688997","0.8505631967971652","0.9483835341365462"
"746","Random","0.4","500","20000","500","88.8","0","1945431","0.29677755670066625","0.8890548187433862","0.9669800000000001"
"748","Random","0.4","500","20000","500","83.8","0","1737347","0.3601232978460986","0.8396510803200535","0.9408299999999999"
"753","Random","0.6","500","20000","286","98.95104895104895","214","1059032","0.49447534511188396","0.9895403690817665","0.9902447552447552"
"751","Random","0.6","500","20000","280","97.85714285714285","220","1050500","0.4998051848172545","0.9786236575305027","0.9808571428571428"
"752","Random","0.6","500","20000","301","99.00332225913621","199","1125739","0.5366317313128941","0.9900608472532515","0.991013289036545"
"749","Random","0.4","500","20000","500","78.8","0","1564250","0.6013952529293107","0.789662423721804","0.9469400000000003"
"757","Random","0.6","500","20000","297","100","203","1091013","0.5151515151515151","1","1"
"750","Random","0.4","500","20000","500","79.4","0","1595004","0.39384052598033253","0.7959445024200009","0.9462899999999999"
"761","Random","0.6","500","20000","301","98.33887043189368","199","1130001","0.4600330707505319","0.9834310979552372","0.9849501661129567"
"759","Random","0.6","500","20000","296","98.98648648648648","204","1103454","0.4712062806074526","0.9898878899732882","0.9905574324324325"
"756","Random","0.6","500","20000","371","88.14016172506739","129","1388062","0.40523783875402336","0.881883940200896","0.9110916442048516"
"755","Random","0.6","500","20000","445","83.82022471910112","55","1622372","0.6428302269806091","0.839141101813997","0.888494382022472"
"754","Random","0.6","500","20000","468","80.12820512820514","32","1678553","0.35720479126026716","0.8027949572919015","0.8755662393162397"
"758","Random","0.6","500","20000","396","93.18181818181817","104","1615952","0.6465916456855316","0.9321219128817525","0.9455429292929292"
"765","Random","0.6","500","20000","287","98.60627177700349","213","1057851","0.4945875529852077","0.9861040690640112","0.9877700348432056"
"766","Random","0.6","500","20000","292","100","208","1101503","0.5273972602739726","1","1"
"763","Random","0.6","500","20000","335","96.71641791044776","165","1324776","0.5926233656327922","0.9672602601815461","0.971044776119403"
"764","Random","0.6","500","20000","349","95.70200573065902","151","1390893","0.399631216490478","0.957170699944161","0.9636819484240687"
"760","Random","0.6","500","20000","475","85.26315789473684","25","1841085","0.307848210311214","0.8538435928077285","0.9120947368421055"
"762","Random","0.6","500","20000","487","82.95687885010267","13","1868980","0.3057384309422643","0.8308525529315641","0.909024640657084"
"769","Random","0.6","500","20000","312","94.55128205128204","188","1153133","0.446793409472348","0.9456746907416264","0.9533493589743588"
"767","Random","0.6","500","20000","482","77.38589211618257","18","1651250","0.3623008474703257","0.7755641133745298","0.8707780082987553"
"768","Random","0.6","500","20000","396","88.63636363636364","104","1498644","0.3777645222092216","0.887261199221842","0.9114646464646464"
"775","Random","0.6","500","20000","292","98.28767123287672","208","1079539","0.47798982704758297","0.9829196152898693","0.9838013698630136"
"771","Random","0.6","500","20000","375","91.46666666666667","125","1461917","0.6145255157201568","0.9149786017507058","0.9350799999999998"
"776","Random","0.6","500","20000","291","98.96907216494846","209","1077675","0.48632866179988665","0.9897155467876319","0.9905154639175258"
"772","Random","0.6","500","20000","388","93.04123711340206","112","1541362","0.6365658459170516","0.9306807287724682","0.9441752577319587"
"770","Random","0.6","500","20000","466","79.6137339055794","34","1649559","0.3628761451514072","0.797258595053494","0.8759978540772533"
"778","Random","0.6","500","20000","290","96.89655172413794","210","1062429","0.5052997773286719","0.9690895923250421","0.9719137931034482"
"774","Random","0.6","500","20000","364","86.26373626373626","136","1281036","0.5779300382201641","0.8632002645446925","0.8912225274725277"
"779","Random","0.6","500","20000","303","97.6897689768977","197","1144002","0.5396631013995736","0.9769618516462294","0.9796699669966997"
"781","Random","0.6","500","20000","290","98.9655172413793","210","1072728","0.48438526865180315","0.9896856022040135","0.9902931034482759"
"773","Random","0.6","500","20000","425","80.94117647058823","75","1451588","0.3895502140152681","0.8105071058625418","0.8702117647058822"
"777","Random","0.6","500","20000","451","83.14855875831486","49","1660632","0.3504304976669958","0.8327980400391968","0.8886474501108651"
"780","Random","0.6","500","20000","403","83.62282878411911","97","1458016","0.3999390819781012","0.8370700198737476","0.8782382133995036"
"784","Random","0.6","500","20000","310","99.67741935483872","190","1180324","0.45008399867205273","0.9967829427117515","0.9972096774193548"
"788","Random","0.6","500","20000","295","99.32203389830508","205","1095239","0.5118542114443952","0.993236562029766","0.9940000000000001"
"786","Random","0.6","500","20000","303","98.34983498349835","197","1162478","0.5464629722011763","0.9835639401606181","0.9849669966996699"
"787","Random","0.6","500","20000","350","90.85714285714286","150","1318201","0.5836789384113426","0.9090134382722987","0.9233714285714284"
"782","Random","0.6","500","20000","454","81.05726872246696","46","1591673","0.6318961748161139","0.8120513784273728","0.8682819383259909"
"791","Random","0.6","500","20000","298","99.32885906040269","202","1141072","0.5438143251149647","0.993311068095324","0.9935906040268455"
"794","Random","0.6","500","20000","291","99.3127147766323","209","1065510","0.5122356192878224","0.9931523610792867","0.9938487972508591"
"790","Random","0.6","500","20000","312","97.11538461538461","188","1192454","0.5562447717888306","0.9712275697927456","0.9737820512820513"
"785","Random","0.6","500","20000","446","86.09865470852019","54","1717079","0.6603553273487495","0.8616820747553185","0.9002017937219728"
"783","Random","0.6","500","20000","475","81.05263157894737","25","1722027","0.6572258154239318","0.8127429854698902","0.8864736842105264"
"792","Random","0.6","500","20000","386","88.3419689119171","114","1421249","0.6089888014581992","0.8837903765139079","0.9084326424870467"
"795","Random","0.6","500","20000","387","88.63049095607235","113","1463315","0.38807819573758884","0.8868700006652834","0.9127777777777777"
"789","Random","0.6","500","20000","478","79.2887029288703","22","1682568","0.6485946044046883","0.7942551830799536","0.8787343096234308"
"801","Random","0.8","500","20000","288","100","212","1075980","0.4097222222222222","1","1"
"793","Random","0.6","500","20000","455","80.21978021978022","45","1537686","0.6291546121895559","0.8039275586188077","0.8693626373626376"
"802","Random","0.8","500","20000","280","100","220","985436","0.5178571428571429","1","1"
"798","Random","0.6","500","20000","321","95.6386292834891","179","1236262","0.5672123138572258","0.956542600271831","0.9627881619937695"
"803","Random","0.8","500","20000","263","100","237","907723","0.4866920152091255","1","1"
"804","Random","0.8","500","20000","267","100","233","925032","0.5093632958801498","1","1"
"806","Random","0.8","500","20000","269","100","231","939411","0.4684014869888476","1","1"
"805","Random","0.8","500","20000","286","100","214","1012561","0.5314685314685315","1","1"
"807","Random","0.8","500","20000","258","100","242","893997","0.5038759689922481","1","1"
"796","Random","0.6","500","20000","477","80.71278825995807","23","1729135","0.34226196955522575","0.8087745716400118","0.8766352201257864"
"797","Random","0.6","500","20000","450","84.44444444444444","50","1660892","0.651871346390273","0.8452888501092427","0.8923555555555555"
"799","Random","0.6","500","20000","463","76.02591792656588","37","1538341","0.3862094058765321","0.7621427500968229","0.8489308855291574"
"808","Random","0.8","500","20000","267","100","233","926559","0.4756554307116105","1","1"
"811","Random","0.8","500","20000","278","100","222","970517","0.4784172661870504","1","1"
"809","Random","0.8","500","20000","272","100","228","941895","0.4963235294117647","1","1"
"800","Random","0.6","500","20000","471","83.65180467091295","29","1744542","0.6691566384101321","0.8374319573474965","0.8926008492569005"
"810","Random","0.8","500","20000","284","100","216","1015408","0.4471830985915493","1","1"
"812","Random","0.8","500","20000","276","100","224","964917","0.5181159420289855","1","1"
"813","Random","0.8","500","20000","249","100","251","867228","0.5020080321285141","1","1"
"814","Random","0.8","500","20000","287","100","213","1013897","0.47038327526132406","1","1"
"815","Random","0.8","500","20000","284","100","216","1003194","0.5070422535211268","1","1"
"816","Random","0.8","500","20000","275","100","225","960723","0.509090909090909","1","1"
"817","Random","0.8","500","20000","259","100","241","898098","0.49034749034749037","1","1"
"818","Random","0.8","500","20000","279","100","221","987883","0.4659498207885305","1","1"
"819","Random","0.8","500","20000","300","100","200","1081988","0.4533333333333333","1","1"
"820","Random","0.8","500","20000","264","100","236","913027","0.48484848484848486","1","1"
"821","Random","0.8","500","20000","266","100","234","938150","0.5375939849624061","1","1"
"822","Random","0.8","500","20000","286","100","214","1022191","0.45104895104895104","1","1"
"824","Random","0.8","500","20000","274","100","226","957846","0.5291970802919708","1","1"
"823","Random","0.8","500","20000","280","100","220","996164","0.4642857142857143","1","1"
"826","Random","0.8","500","20000","275","100","225","965822","0.48363636363636364","1","1"
"825","Random","0.8","500","20000","267","100","233","957321","0.4419475655430712","1","1"
"827","Random","0.8","500","20000","275","100","225","988482","0.5527272727272727","1","1"
"828","Random","0.8","500","20000","267","100","233","933640","0.47191011235955055","1","1"
"830","Random","0.8","500","20000","263","100","237","911238","0.49049429657794674","1","1"
"831","Random","0.8","500","20000","275","100","225","965049","0.52","1","1"
"829","Random","0.8","500","20000","266","100","234","950486","0.4548872180451128","1","1"
"832","Random","0.8","500","20000","269","100","231","937318","0.4684014869888476","1","1"
"833","Random","0.8","500","20000","269","100","231","934736","0.4795539033457249","1","1"
"834","Random","0.8","500","20000","276","100","224","961618","0.5108695652173914","1","1"
"839","Random","0.8","500","20000","266","100","234","921949","0.4849624060150376","1","1"
"836","Random","0.8","500","20000","260","100","240","912512","0.46923076923076923","1","1"
"835","Random","0.8","500","20000","263","100","237","918984","0.532319391634981","1","1"
"838","Random","0.8","500","20000","281","100","219","980412","0.5231316725978647","1","1"
"837","Random","0.8","500","20000","269","100","231","945830","0.46096654275092935","1","1"
"840","Random","0.8","500","20000","274","100","226","979821","0.5547445255474452","1","1"
"842","Random","0.8","500","20000","285","100","215","1014049","0.45614035087719296","1","1"
"844","Random","0.8","500","20000","260","100","240","899671","0.5038461538461538","1","1"
"843","Random","0.8","500","20000","271","100","229","965441","0.4612546125461255","1","1"
"845","Random","0.8","500","20000","269","100","231","931206","0.4944237918215613","1","1"
"846","Random","0.8","500","20000","275","100","225","972509","0.5309090909090909","1","1"
"848","Random","0.8","500","20000","275","100","225","959214","0.48363636363636364","1","1"
"849","Random","0.8","500","20000","272","100","228","939401","0.48161764705882354","1","1"
"847","Random","0.8","500","20000","263","100","237","913946","0.5361216730038023","1","1"
"851","Random","1","500","20000","273","100","227","994037","0.4542124542124542","1","1"
"850","Random","0.8","500","20000","262","100","238","906030","0.5152671755725191","1","1"
"852","Random","1","500","20000","272","100","228","988823","0.5441176470588235","1","1"
"854","Random","1","500","20000","268","100","232","957863","0.5074626865671642","1","1"
"853","Random","1","500","20000","249","100","251","858853","0.5301204819277109","1","1"
"855","Random","1","500","20000","289","100","211","1088389","0.45674740484429066","1","1"
"856","Random","1","500","20000","268","100","232","959744","0.4626865671641791","1","1"
"841","Random","0.8","500","20000","336","99.70238095238095","164","1469035","0.3139096301577329","0.9970320842211254","0.9973363095238096"
"857","Random","1","500","20000","253","100","247","889404","0.5612648221343873","1","1"
"859","Random","1","500","20000","257","100","243","910001","0.45525291828793774","1","1"
"858","Random","1","500","20000","278","100","222","1018191","0.49640287769784175","1","1"
"860","Random","1","500","20000","275","100","225","998959","0.49454545454545457","1","1"
"861","Random","1","500","20000","251","100","249","879587","0.549800796812749","1","1"
"865","Random","1","500","20000","272","100","228","985609","0.5147058823529411","1","1"
"862","Random","1","500","20000","259","100","241","909731","0.47876447876447875","1","1"
"863","Random","1","500","20000","282","100","218","1036473","0.4787234042553192","1","1"
"864","Random","1","500","20000","268","100","232","969684","0.43656716417910446","1","1"
"866","Random","1","500","20000","263","100","237","932508","0.4600760456273764","1","1"
"867","Random","1","500","20000","266","100","234","945314","0.49624060150375937","1","1"
"868","Random","1","500","20000","263","100","237","939379","0.5133079847908745","1","1"
"869","Random","1","500","20000","273","100","227","990900","0.5274725274725275","1","1"
"870","Random","1","500","20000","262","100","238","925527","0.5267175572519084","1","1"
"871","Random","1","500","20000","266","100","234","944383","0.4924812030075188","1","1"
"872","Random","1","500","20000","257","100","243","899253","0.5408560311284046","1","1"
"873","Random","1","500","20000","263","100","237","933494","0.5285171102661597","1","1"
"878","Random","1","500","20000","259","100","241","909702","0.47876447876447875","1","1"
"875","Random","1","500","20000","262","100","238","928756","0.49236641221374045","1","1"
"874","Random","1","500","20000","268","100","232","960258","0.5447761194029851","1","1"
"877","Random","1","500","20000","258","100","242","910914","0.4883720930232558","1","1"
"876","Random","1","500","20000","261","100","239","939200","0.42528735632183906","1","1"
"879","Random","1","500","20000","275","100","225","1002549","0.5163636363636364","1","1"
"880","Random","1","500","20000","267","100","233","964316","0.5617977528089888","1","1"
"881","Random","1","500","20000","242","100","258","841541","0.45041322314049587","1","1"
"883","Random","1","500","20000","256","100","244","896814","0.5","1","1"
"884","Random","1","500","20000","252","100","248","873310","0.47619047619047616","1","1"
"882","Random","1","500","20000","284","100","216","1059283","0.4753521126760563","1","1"
"885","Random","1","500","20000","271","100","229","973743","0.4797047970479705","1","1"
"886","Random","1","500","20000","275","100","225","1011782","0.43636363636363634","1","1"
"888","Random","1","500","20000","254","100","246","893958","0.4448818897637795","1","1"
"887","Random","1","500","20000","282","100","218","1049113","0.425531914893617","1","1"
"889","Random","1","500","20000","267","100","233","951021","0.5205992509363296","1","1"
"890","Random","1","500","20000","272","100","228","987089","0.44485294117647056","1","1"
"891","Random","1","500","20000","256","100","244","893118","0.484375","1","1"
"892","Random","1","500","20000","254","100","246","887129","0.5196850393700787","1","1"
"894","Random","1","500","20000","261","100","239","931003","0.44061302681992337","1","1"
"893","Random","1","500","20000","287","100","213","1072908","0.5400696864111498","1","1"
"895","Random","1","500","20000","275","100","225","1000663","0.4690909090909091","1","1"
"896","Random","1","500","20000","278","100","222","1010193","0.49640287769784175","1","1"
"898","Random","1","500","20000","260","100","240","914937","0.4807692307692308","1","1"
"897","Random","1","500","20000","258","100","242","925060","0.5697674418604651","1","1"
"899","Random","1","500","20000","258","100","242","904968","0.5193798449612403","1","1"
"900","Random","1","500","20000","261","100","239","919038","0.5095785440613027","1","1"

